kingdom,phylum,class,order,family,genus,species
Plantae,Tracheophyta,Magnoliopsida,Fagales,Fagaceae,Quercus,Quercus humboldtii
Plantae,Tracheophyta,Magnoliopsida,Fagales,Fagaceae,Quercus,Quercus humboldtii
Plantae,Tracheophyta,Magnoliopsida,Fagales,Fagaceae,Quercus,Quercus humboldtii
Plantae,Tracheophyta,Magnoliopsida,Fagales,Fagaceae,Quercus,Quercus humboldtii
Plantae,Tracheophyta,Magnoliopsida,Fagales,Fagaceae,Quercus,Quercus humboldtii
Plantae,Tracheophyta,Liliopsida,Arecales,Arecaceae,Attalea,Attalea butyracea
Plantae,Tracheophyta,Liliopsida,Arecales,Arecaceae,Attalea,Attalea butyracea
Plantae,Tracheophyta,Liliopsida,Arecales,Arecaceae,Ceroxylon,
Plantae,Tracheophyta,Liliopsida,Arecales,Arecaceae,Ceroxylon,
Plantae,Tracheophyta,Liliopsida,Arecales,Arecaceae,Ceroxylon,
Plantae,Tracheophyta,Magnoliopsida,Sapindales,Anacardiaceae,Anacardium,Anacardium excelsum
Plantae,Tracheophyta,Magnoliopsida,Sapindales,Anacardiaceae,Anacardium,Anacardium excelsum
Animalia,Arthropoda,Malacostraca,Decapoda,Cambaridae,Procambarus,Procambarus clarkii
Animalia,Chordata,Aves,Gruiformes,Rallidae,Gallinula,Gallinula melanops
Animalia,Chordata,Aves,Gruiformes,Rallidae,Gallinula,Gallinula melanops
Animalia,Chordata,Aves,Passeriformes,Icteridae,Molothrus,Molothrus bonariensis
Animalia,Chordata,Aves,Passeriformes,Icteridae,Molothrus,Molothrus bonariensis
Animalia,Chordata,Amphibia,Anura,Ranidae,Lithobates,Lithobates catesbeianus
Animalia,Chordata,Amphibia,Anura,Ranidae,Lithobates,Lithobates catesbeianus
Animalia,Chordata,Amphibia,Anura,Ranidae,Lithobates,Lithobates catesbeianus
Animalia,Chordata,Mammalia,Pilosa,Megalonychidae,Choloepus,Choloepus hoffmanni
Plantae,Tracheophyta,Magnoliopsida,Sapindales,Anacardiaceae,Anacardium,Anacardium excelsum
Plantae,Tracheophyta,Magnoliopsida,Sapindales,Anacardiaceae,Anacardium,Anacardium excelsum
Plantae,Tracheophyta,Magnoliopsida,Sapindales,Meliaceae,Swietenia,
Animalia,Chordata,Amphibia,Anura,Ranidae,Lithobates,Lithobates catesbeianus
Animalia,Chordata,Amphibia,Anura,Ranidae,Lithobates,Lithobates catesbeianus
Animalia,Chordata,Amphibia,Anura,Ranidae,Lithobates,Lithobates catesbeianus
Animalia,Chordata,Amphibia,Anura,Ranidae,Lithobates,Lithobates catesbeianus
Animalia,Chordata,Amphibia,Anura,Ranidae,Lithobates,Lithobates catesbeianus
Animalia,Mollusca,Gastropoda,Stylommatophora,Helicidae,Cornu,Cornu aspersum
Animalia,Chordata,Amphibia,Anura,Ranidae,Lithobates,Lithobates catesbeianus
Animalia,Chordata,Amphibia,Anura,Ranidae,Lithobates,Lithobates catesbeianus
Animalia,Chordata,Mammalia,Pilosa,Megalonychidae,Choloepus,Choloepus hoffmanni
Animalia,Chordata,Mammalia,Pilosa,Megalonychidae,Choloepus,Choloepus hoffmanni
Animalia,Chordata,Mammalia,Pilosa,Megalonychidae,Choloepus,Choloepus hoffmanni
Animalia,Chordata,Mammalia,Pilosa,Megalonychidae,Choloepus,Choloepus hoffmanni
Animalia,Chordata,Mammalia,Pilosa,Megalonychidae,Choloepus,Choloepus hoffmanni
Animalia,Mollusca,Gastropoda,Stylommatophora,Achatinidae,Achatina,Achatina fulica
Animalia,Mollusca,Gastropoda,Stylommatophora,Achatinidae,Achatina,Achatina fulica
Animalia,Chordata,Mammalia,Didelphimorphia,Didelphidae,Didelphis,Didelphis pernigra
Animalia,Chordata,Mammalia,Didelphimorphia,Didelphidae,Didelphis,Didelphis pernigra
Animalia,Chordata,Mammalia,Didelphimorphia,Didelphidae,Didelphis,Didelphis pernigra
Animalia,Chordata,Mammalia,Artiodactyla,Cervidae,Odocoileus,Odocoileus virginianus
Animalia,Chordata,Mammalia,Artiodactyla,Cervidae,Odocoileus,Odocoileus virginianus
Animalia,Chordata,Mammalia,Artiodactyla,Cervidae,Odocoileus,Odocoileus virginianus
Animalia,Chordata,Mammalia,Artiodactyla,Cervidae,Odocoileus,Odocoileus virginianus
Animalia,Chordata,Aves,Passeriformes,Grallariidae,Grallaria,Grallaria squamigera
Animalia,Chordata,Aves,Galliformes,Cracidae,Penelope,Penelope montagnii
Animalia,Chordata,Mammalia,Carnivora,Ursidae,Tremarctos,Tremarctos ornatus
Animalia,Chordata,Mammalia,Carnivora,Ursidae,Tremarctos,Tremarctos ornatus
Animalia,Chordata,Mammalia,Carnivora,Ursidae,Tremarctos,Tremarctos ornatus
Animalia,Chordata,Mammalia,Carnivora,Ursidae,Tremarctos,Tremarctos ornatus
Animalia,Chordata,Mammalia,Carnivora,Ursidae,Tremarctos,Tremarctos ornatus
Animalia,Chordata,Mammalia,Carnivora,Ursidae,Tremarctos,Tremarctos ornatus
Animalia,Chordata,Mammalia,Carnivora,Ursidae,Tremarctos,Tremarctos ornatus
Animalia,Chordata,Mammalia,Carnivora,Ursidae,Tremarctos,Tremarctos ornatus
Animalia,Chordata,Mammalia,Carnivora,Ursidae,Tremarctos,Tremarctos ornatus
Animalia,Chordata,Mammalia,Carnivora,Ursidae,Tremarctos,Tremarctos ornatus
Animalia,Chordata,Mammalia,Carnivora,Ursidae,Tremarctos,Tremarctos ornatus
Animalia,Chordata,Mammalia,Carnivora,Ursidae,Tremarctos,Tremarctos ornatus
Animalia,Chordata,Mammalia,Carnivora,Ursidae,Tremarctos,Tremarctos ornatus
Animalia,Chordata,Mammalia,Carnivora,Ursidae,Tremarctos,Tremarctos ornatus
Animalia,Chordata,Mammalia,Carnivora,Ursidae,Tremarctos,Tremarctos ornatus
Animalia,Chordata,Mammalia,Carnivora,Ursidae,Tremarctos,Tremarctos ornatus
Animalia,Chordata,Mammalia,Carnivora,Ursidae,Tremarctos,Tremarctos ornatus
Animalia,Chordata,Mammalia,Carnivora,Ursidae,Tremarctos,Tremarctos ornatus
Animalia,Chordata,Mammalia,Carnivora,Ursidae,Tremarctos,Tremarctos ornatus
Animalia,Chordata,Mammalia,Carnivora,Ursidae,Tremarctos,Tremarctos ornatus
Animalia,Chordata,Mammalia,Carnivora,Ursidae,Tremarctos,Tremarctos ornatus
Animalia,Chordata,Mammalia,Carnivora,Ursidae,Tremarctos,Tremarctos ornatus
Animalia,Chordata,Mammalia,Carnivora,Ursidae,Tremarctos,Tremarctos ornatus
Animalia,Chordata,Mammalia,Carnivora,Ursidae,Tremarctos,Tremarctos ornatus
Animalia,Chordata,Mammalia,Carnivora,Ursidae,Tremarctos,Tremarctos ornatus
Animalia,Chordata,Mammalia,Carnivora,Ursidae,Tremarctos,Tremarctos ornatus
Animalia,Chordata,Mammalia,Carnivora,Ursidae,Tremarctos,Tremarctos ornatus
Animalia,Chordata,Mammalia,Carnivora,Ursidae,Tremarctos,Tremarctos ornatus
Animalia,Chordata,Mammalia,Carnivora,Ursidae,Tremarctos,Tremarctos ornatus
Animalia,Chordata,Mammalia,Carnivora,Ursidae,Tremarctos,Tremarctos ornatus
Animalia,Chordata,Mammalia,Carnivora,Ursidae,Tremarctos,Tremarctos ornatus
Animalia,Chordata,Mammalia,Carnivora,Ursidae,Tremarctos,Tremarctos ornatus
Animalia,Chordata,Mammalia,Carnivora,Ursidae,Tremarctos,Tremarctos ornatus
Animalia,Chordata,Aves,Passeriformes,Turdidae,Turdus,Turdus fuscater
Animalia,Chordata,Aves,Passeriformes,Turdidae,Turdus,Turdus fuscater
Animalia,Chordata,Mammalia,Carnivora,Procyonidae,Nasuella,Nasuella olivacea
Animalia,Chordata,Mammalia,Didelphimorphia,Didelphidae,Didelphis,Didelphis pernigra
Animalia,Chordata,Mammalia,Didelphimorphia,Didelphidae,Didelphis,Didelphis pernigra
Animalia,Chordata,Mammalia,Didelphimorphia,Didelphidae,Didelphis,Didelphis pernigra
Animalia,Chordata,Mammalia,Didelphimorphia,Didelphidae,Didelphis,Didelphis pernigra
Animalia,Chordata,Mammalia,Didelphimorphia,Didelphidae,Didelphis,Didelphis pernigra
Animalia,Chordata,Mammalia,Didelphimorphia,Didelphidae,Didelphis,Didelphis pernigra
Animalia,Chordata,Mammalia,Didelphimorphia,Didelphidae,Didelphis,Didelphis pernigra
Animalia,Chordata,Mammalia,Artiodactyla,Cervidae,Mazama,Mazama rufina
Animalia,Chordata,Mammalia,Artiodactyla,Cervidae,Odocoileus,Odocoileus virginianus
Animalia,Chordata,Mammalia,Artiodactyla,Cervidae,Odocoileus,Odocoileus virginianus
Animalia,Chordata,Mammalia,Artiodactyla,Cervidae,Odocoileus,Odocoileus virginianus
Animalia,Chordata,Mammalia,Artiodactyla,Cervidae,Odocoileus,Odocoileus virginianus
Animalia,Chordata,Mammalia,Artiodactyla,Cervidae,Odocoileus,Odocoileus virginianus
Animalia,Chordata,Mammalia,Carnivora,Mustelidae,Eira,Eira barbara
Animalia,Chordata,Mammalia,Rodentia,Muridae,Mus,Mus musculus
Animalia,Chordata,Mammalia,Rodentia,Muridae,Mus,Mus musculus
Animalia,Chordata,Mammalia,Rodentia,Muridae,Mus,Mus musculus
Animalia,Chordata,Mammalia,Carnivora,Felidae,Puma,Puma concolor
Animalia,Chordata,Mammalia,Carnivora,Felidae,Puma,Puma concolor
Animalia,Chordata,Mammalia,Carnivora,Felidae,Puma,Puma concolor
Animalia,Chordata,Mammalia,Carnivora,Canidae,Canis,Canis lupus
Animalia,Chordata,Aves,Galliformes,Cracidae,Penelope,Penelope montagnii
Animalia,Chordata,Aves,Galliformes,Cracidae,Penelope,Penelope montagnii
Animalia,Chordata,Aves,Galliformes,Cracidae,Penelope,Penelope montagnii
Animalia,Chordata,Aves,Galliformes,Cracidae,Penelope,Penelope montagnii
Animalia,Chordata,Aves,Galliformes,Cracidae,Penelope,Penelope montagnii
Animalia,Chordata,Mammalia,Carnivora,Ursidae,Tremarctos,Tremarctos ornatus
Animalia,Chordata,Mammalia,Carnivora,Ursidae,Tremarctos,Tremarctos ornatus
Animalia,Chordata,Mammalia,Carnivora,Ursidae,Tremarctos,Tremarctos ornatus
Animalia,Chordata,Mammalia,Carnivora,Ursidae,Tremarctos,Tremarctos ornatus
Animalia,Chordata,Mammalia,Carnivora,Ursidae,Tremarctos,Tremarctos ornatus
Animalia,Chordata,Mammalia,Carnivora,Ursidae,Tremarctos,Tremarctos ornatus
Animalia,Chordata,Mammalia,Carnivora,Ursidae,Tremarctos,Tremarctos ornatus
Animalia,Chordata,Mammalia,Carnivora,Ursidae,Tremarctos,Tremarctos ornatus
Animalia,Chordata,Mammalia,Carnivora,Ursidae,Tremarctos,Tremarctos ornatus
Animalia,Chordata,Mammalia,Carnivora,Ursidae,Tremarctos,Tremarctos ornatus
Animalia,Chordata,Mammalia,Carnivora,Ursidae,Tremarctos,Tremarctos ornatus
Animalia,Chordata,Mammalia,Carnivora,Ursidae,Tremarctos,Tremarctos ornatus
Animalia,Chordata,Mammalia,Carnivora,Ursidae,Tremarctos,Tremarctos ornatus
Animalia,Chordata,Mammalia,Carnivora,Ursidae,Tremarctos,Tremarctos ornatus
Animalia,Chordata,Mammalia,Carnivora,Ursidae,Tremarctos,Tremarctos ornatus
Animalia,Chordata,Mammalia,Carnivora,Ursidae,Tremarctos,Tremarctos ornatus
Animalia,Chordata,Mammalia,Carnivora,Ursidae,Tremarctos,Tremarctos ornatus
Animalia,Chordata,Mammalia,Carnivora,Ursidae,Tremarctos,Tremarctos ornatus
Animalia,Chordata,Mammalia,Carnivora,Ursidae,Tremarctos,Tremarctos ornatus
Animalia,Chordata,Mammalia,Carnivora,Ursidae,Tremarctos,Tremarctos ornatus
Animalia,Chordata,Mammalia,Carnivora,Ursidae,Tremarctos,Tremarctos ornatus
Animalia,Chordata,Mammalia,Carnivora,Ursidae,Tremarctos,Tremarctos ornatus
Animalia,Chordata,Mammalia,Carnivora,Ursidae,Tremarctos,Tremarctos ornatus
Animalia,Chordata,Mammalia,Carnivora,Ursidae,Tremarctos,Tremarctos ornatus
Animalia,Chordata,Mammalia,Carnivora,Ursidae,Tremarctos,Tremarctos ornatus
Animalia,Chordata,Mammalia,Carnivora,Ursidae,Tremarctos,Tremarctos ornatus
Animalia,Chordata,Mammalia,Carnivora,Ursidae,Tremarctos,Tremarctos ornatus
Animalia,Chordata,Aves,Passeriformes,Turdidae,Turdus,Turdus fuscater
Animalia,Chordata,Aves,Passeriformes,Turdidae,Turdus,Turdus fuscater
Animalia,Chordata,Aves,Passeriformes,Turdidae,Turdus,Turdus fuscater
Animalia,Chordata,Aves,Passeriformes,Turdidae,Turdus,Turdus fuscater
Animalia,Chordata,Aves,Passeriformes,Turdidae,Turdus,Turdus fuscater
Animalia,Chordata,Aves,Passeriformes,Turdidae,Turdus,Turdus fuscater
Animalia,Chordata,Aves,Passeriformes,Turdidae,Turdus,Turdus fuscater
Animalia,Chordata,Aves,Passeriformes,Turdidae,Turdus,Turdus fuscater
Animalia,Chordata,Aves,Passeriformes,Turdidae,Turdus,Turdus fuscater
Animalia,Chordata,Aves,Passeriformes,Turdidae,Turdus,Turdus fuscater
Animalia,Chordata,Aves,Passeriformes,Turdidae,Turdus,Turdus fuscater
Animalia,Chordata,Aves,Passeriformes,Turdidae,Turdus,Turdus fuscater
Animalia,Chordata,Aves,Passeriformes,Turdidae,Turdus,Turdus fuscater
Animalia,Chordata,Aves,Passeriformes,Turdidae,Turdus,Turdus fuscater
Animalia,Chordata,Aves,Passeriformes,Turdidae,Turdus,Turdus fuscater
Animalia,Chordata,Mammalia,Carnivora,Procyonidae,Nasuella,Nasuella olivacea
Animalia,Chordata,Mammalia,Carnivora,Procyonidae,Nasuella,Nasuella olivacea
Animalia,Chordata,Mammalia,Carnivora,Procyonidae,Nasuella,Nasuella olivacea
Animalia,Chordata,Mammalia,Carnivora,Procyonidae,Nasuella,Nasuella olivacea
Animalia,Chordata,Mammalia,Rodentia,Caviidae,Cavia,Cavia aperea
Animalia,Chordata,Mammalia,Rodentia,Caviidae,Cavia,Cavia aperea
Animalia,Chordata,Mammalia,Rodentia,Caviidae,Cavia,Cavia aperea
Animalia,Chordata,Mammalia,Rodentia,Caviidae,Cavia,Cavia aperea
Animalia,Chordata,Mammalia,Rodentia,Caviidae,Cavia,Cavia aperea
Animalia,Chordata,Mammalia,Rodentia,Caviidae,Cavia,Cavia aperea
Animalia,Chordata,Mammalia,Rodentia,Caviidae,Cavia,Cavia aperea
Animalia,Arthropoda,Malacostraca,Decapoda,Cambaridae,Procambarus,Procambarus clarkii
Animalia,Arthropoda,Malacostraca,Decapoda,Cambaridae,Procambarus,Procambarus clarkii
Animalia,Arthropoda,Malacostraca,Decapoda,Cambaridae,Procambarus,Procambarus clarkii
Animalia,Arthropoda,Malacostraca,Decapoda,Cambaridae,Procambarus,Procambarus clarkii
Animalia,Arthropoda,Malacostraca,Decapoda,Cambaridae,Procambarus,Procambarus clarkii
Animalia,Chordata,Mammalia,Carnivora,Procyonidae,Nasuella,Nasuella olivacea
Animalia,Chordata,Amphibia,Anura,Ranidae,Lithobates,Lithobates catesbeianus
Animalia,Chordata,Amphibia,Anura,Ranidae,Lithobates,Lithobates catesbeianus
Animalia,Chordata,Amphibia,Anura,Ranidae,Lithobates,Lithobates catesbeianus
Animalia,Chordata,Amphibia,Anura,Ranidae,Lithobates,Lithobates catesbeianus
Animalia,Chordata,Amphibia,Anura,Ranidae,Lithobates,Lithobates catesbeianus
Animalia,Chordata,Amphibia,Anura,Ranidae,Lithobates,Lithobates catesbeianus
Animalia,Chordata,Amphibia,Anura,Ranidae,Lithobates,Lithobates catesbeianus
Animalia,Chordata,Amphibia,Anura,Ranidae,Lithobates,Lithobates catesbeianus
Animalia,Chordata,Amphibia,Anura,Ranidae,Lithobates,Lithobates catesbeianus
Animalia,Chordata,Amphibia,Anura,Ranidae,Lithobates,Lithobates catesbeianus
Animalia,Chordata,Amphibia,Anura,Ranidae,Lithobates,Lithobates catesbeianus
Animalia,Chordata,Amphibia,Anura,Ranidae,Lithobates,Lithobates catesbeianus
Animalia,Chordata,Amphibia,Anura,Ranidae,Lithobates,Lithobates catesbeianus
Animalia,Chordata,Mammalia,Pilosa,Megalonychidae,Choloepus,Choloepus hoffmanni
Animalia,Chordata,Mammalia,Pilosa,Megalonychidae,Choloepus,Choloepus hoffmanni
Animalia,Chordata,Mammalia,Pilosa,Megalonychidae,Choloepus,Choloepus hoffmanni
Plantae,Tracheophyta,Liliopsida,Arecales,Arecaceae,Attalea,Attalea butyracea
Plantae,Tracheophyta,Liliopsida,Arecales,Arecaceae,Ceroxylon,
Plantae,Tracheophyta,Magnoliopsida,Gentianales,Apocynaceae,Aspidosperma,Aspidosperma polyneuron
Plantae,Tracheophyta,Magnoliopsida,Sapindales,Anacardiaceae,Anacardium,Anacardium excelsum
Plantae,Tracheophyta,Magnoliopsida,Sapindales,Anacardiaceae,Anacardium,Anacardium excelsum
Plantae,Tracheophyta,Magnoliopsida,Sapindales,Anacardiaceae,Anacardium,Anacardium excelsum
Plantae,Tracheophyta,Magnoliopsida,Sapindales,Anacardiaceae,Anacardium,Anacardium excelsum
Plantae,Tracheophyta,Magnoliopsida,Fagales,Fagaceae,Quercus,Quercus humboldtii
Plantae,Tracheophyta,Magnoliopsida,Fagales,Fagaceae,Quercus,Quercus humboldtii
Plantae,Tracheophyta,Magnoliopsida,Fagales,Fagaceae,Quercus,Quercus humboldtii
Plantae,Tracheophyta,Magnoliopsida,Fagales,Fagaceae,Quercus,Quercus humboldtii
Plantae,Tracheophyta,Magnoliopsida,Fagales,Fagaceae,Quercus,Quercus humboldtii
Animalia,Mollusca,Gastropoda,Stylommatophora,Achatinidae,Achatina,Achatina fulica
Animalia,Mollusca,Gastropoda,Stylommatophora,Achatinidae,Achatina,Achatina fulica
Animalia,Mollusca,Gastropoda,Stylommatophora,Achatinidae,Achatina,Achatina fulica
Animalia,Mollusca,Gastropoda,Stylommatophora,Achatinidae,Achatina,Achatina fulica
Animalia,Mollusca,Gastropoda,Stylommatophora,Achatinidae,Achatina,Achatina fulica
Animalia,Mollusca,Gastropoda,Stylommatophora,Achatinidae,Achatina,Achatina fulica
Animalia,Chordata,Mammalia,Artiodactyla,Cervidae,Odocoileus,Odocoileus virginianus
Animalia,Chordata,Aves,Passeriformes,Tyrannidae,Ochthoeca,Ochthoeca fumicolor
Animalia,Chordata,Aves,Anseriformes,Anatidae,Anas,Anas flavirostris
Animalia,Chordata,Aves,Accipitriformes,Accipitridae,Elanus,Elanus leucurus
Animalia,Chordata,Aves,Apodiformes,Trochilidae,Pterophanes,Pterophanes cyanopterus
Animalia,Chordata,Aves,Charadriiformes,Scolopacidae,Tringa,Tringa melanoleuca
Animalia,Chordata,Aves,Passeriformes,Tyrannidae,Fluvicola,Fluvicola pica
Animalia,Chordata,Mammalia,Artiodactyla,Cervidae,Odocoileus,Odocoileus virginianus
Animalia,Chordata,Aves,Piciformes,Ramphastidae,Andigena,Andigena nigrirostris
Animalia,Chordata,Aves,Gruiformes,Rallidae,Porphyrio,Porphyrio martinica
Animalia,Chordata,Aves,Passeriformes,Thraupidae,Tangara,Tangara cyanicollis
Animalia,Chordata,Amphibia,Anura,Bufonidae,Rhinella,Rhinella marina
Animalia,Chordata,Amphibia,Anura,Hylidae,Boana,
Animalia,Chordata,Aves,Gruiformes,Rallidae,Gallinula,Gallinula chloropus
Animalia,Chordata,Aves,Falconiformes,Falconidae,Milvago,Milvago chimachima
Animalia,Chordata,Aves,Psittaciformes,Psittacidae,Forpus,Forpus conspicillatus
Animalia,Chordata,Aves,Anseriformes,Anatidae,Oxyura,Oxyura jamaicensis
Animalia,Chordata,Reptilia,Squamata,Gymnophthalmidae,Anadia,Anadia bogotensis
Animalia,Chordata,Aves,Anseriformes,Anatidae,Dendrocygna,Dendrocygna autumnalis
Animalia,Chordata,Aves,Falconiformes,Falconidae,Herpetotheres,Herpetotheres cachinnans
Animalia,Chordata,Aves,Accipitriformes,Accipitridae,Rupornis,Rupornis magnirostris
Animalia,Chordata,Aves,Pelecaniformes,Ardeidae,Ardea,Ardea herodias
Animalia,Chordata,Aves,Passeriformes,Thraupidae,Sporophila,Sporophila intermedia
Animalia,Chordata,Aves,Suliformes,Phalacrocoracidae,Phalacrocorax,Phalacrocorax brasilianus
Animalia,Chordata,Aves,Piciformes,Picidae,Melanerpes,Melanerpes pulcher
Animalia,Chordata,Reptilia,Squamata,Corytophanidae,Basiliscus,Basiliscus vittatus
Animalia,Chordata,Aves,Passeriformes,Emberizidae,Atlapetes,Atlapetes pallidinucha
Animalia,Chordata,Aves,Passeriformes,Corvidae,Cyanocorax,Cyanocorax affinis
Animalia,Chordata,Aves,Passeriformes,Pipridae,Manacus,Manacus manacus
Animalia,Chordata,Aves,Apodiformes,Trochilidae,Eriocnemis,Eriocnemis vestita
Animalia,Chordata,Aves,Coraciiformes,Alcedinidae,Megaceryle,Megaceryle torquata
Animalia,Chordata,Aves,Apodiformes,Trochilidae,Eriocnemis,Eriocnemis vestita
Plantae,Tracheophyta,Magnoliopsida,Fagales,Fagaceae,Quercus,Quercus humboldtii
Plantae,Tracheophyta,Magnoliopsida,Fagales,Fagaceae,Quercus,Quercus humboldtii
Plantae,Tracheophyta,Magnoliopsida,Fagales,Fagaceae,Quercus,Quercus humboldtii
Plantae,Tracheophyta,Magnoliopsida,Fagales,Fagaceae,Quercus,Quercus humboldtii
Plantae,Tracheophyta,Magnoliopsida,Fagales,Fagaceae,Quercus,Quercus humboldtii
Plantae,Tracheophyta,Liliopsida,Arecales,Arecaceae,Attalea,Attalea butyracea
Plantae,Tracheophyta,Liliopsida,Arecales,Arecaceae,Attalea,Attalea butyracea
Plantae,Tracheophyta,Liliopsida,Arecales,Arecaceae,Ceroxylon,
Plantae,Tracheophyta,Liliopsida,Arecales,Arecaceae,Ceroxylon,
Plantae,Tracheophyta,Magnoliopsida,Sapindales,Anacardiaceae,Anacardium,Anacardium excelsum
Animalia,Arthropoda,Malacostraca,Decapoda,Cambaridae,Procambarus,Procambarus clarkii
Animalia,Chordata,Aves,Gruiformes,Rallidae,Gallinula,Gallinula melanops
Animalia,Chordata,Aves,Gruiformes,Rallidae,Gallinula,Gallinula melanops
Animalia,Chordata,Aves,Passeriformes,Icteridae,Molothrus,Molothrus bonariensis
Animalia,Chordata,Aves,Passeriformes,Icteridae,Molothrus,Molothrus bonariensis
Animalia,Chordata,Amphibia,Anura,Ranidae,Lithobates,Lithobates catesbeianus
Animalia,Chordata,Amphibia,Anura,Ranidae,Lithobates,Lithobates catesbeianus
Animalia,Chordata,Amphibia,Anura,Ranidae,Lithobates,Lithobates catesbeianus
Animalia,Chordata,Amphibia,Anura,Ranidae,Lithobates,Lithobates catesbeianus
Plantae,Tracheophyta,Magnoliopsida,Gentianales,Apocynaceae,Aspidosperma,Aspidosperma polyneuron
Plantae,Tracheophyta,Liliopsida,Arecales,Arecaceae,Sabal,Sabal mauritiiformis
Plantae,Tracheophyta,Magnoliopsida,Gentianales,Apocynaceae,Aspidosperma,Aspidosperma polyneuron
Plantae,Tracheophyta,Magnoliopsida,Sapindales,Anacardiaceae,Anacardium,Anacardium excelsum
Animalia,Chordata,Amphibia,Anura,Ranidae,Lithobates,Lithobates catesbeianus
Animalia,Chordata,Amphibia,Anura,Ranidae,Lithobates,Lithobates catesbeianus
Animalia,Chordata,Amphibia,Anura,Ranidae,Lithobates,Lithobates catesbeianus
Animalia,Chordata,Amphibia,Anura,Ranidae,Lithobates,Lithobates catesbeianus
Animalia,Chordata,Amphibia,Anura,Ranidae,Lithobates,Lithobates catesbeianus
Animalia,Chordata,Mammalia,Pilosa,Megalonychidae,Choloepus,Choloepus hoffmanni
Animalia,Mollusca,Gastropoda,Stylommatophora,Achatinidae,Achatina,Achatina fulica
Animalia,Chordata,Amphibia,Anura,Ranidae,Lithobates,Lithobates catesbeianus
Animalia,Chordata,Amphibia,Anura,Ranidae,Lithobates,Lithobates catesbeianus
Animalia,Chordata,Amphibia,Anura,Ranidae,Lithobates,Lithobates catesbeianus
Animalia,Chordata,Mammalia,Pilosa,Megalonychidae,Choloepus,Choloepus hoffmanni
Animalia,Chordata,Mammalia,Pilosa,Megalonychidae,Choloepus,Choloepus hoffmanni
Animalia,Chordata,Mammalia,Pilosa,Megalonychidae,Choloepus,Choloepus hoffmanni
Animalia,Chordata,Mammalia,Pilosa,Megalonychidae,Choloepus,Choloepus hoffmanni
Animalia,Mollusca,Gastropoda,Stylommatophora,Helicidae,Cornu,Cornu aspersum
Animalia,Mollusca,Gastropoda,Stylommatophora,Achatinidae,Achatina,Achatina fulica
Animalia,Mollusca,Gastropoda,Stylommatophora,Achatinidae,Achatina,Achatina fulica
Animalia,Chordata,Mammalia,Didelphimorphia,Didelphidae,Didelphis,Didelphis pernigra
Animalia,Chordata,Mammalia,Artiodactyla,Cervidae,Odocoileus,Odocoileus virginianus
Animalia,Chordata,Mammalia,Artiodactyla,Cervidae,Odocoileus,Odocoileus virginianus
Animalia,Chordata,Mammalia,Artiodactyla,Cervidae,Odocoileus,Odocoileus virginianus
Animalia,Chordata,Mammalia,Artiodactyla,Cervidae,Odocoileus,Odocoileus virginianus
Animalia,Chordata,Mammalia,Artiodactyla,Cervidae,Odocoileus,Odocoileus virginianus
Animalia,Chordata,Aves,Passeriformes,Grallariidae,Grallaria,Grallaria squamigera
Animalia,Chordata,Mammalia,Carnivora,Felidae,Puma,Puma concolor
Animalia,Chordata,Mammalia,Carnivora,Canidae,Canis,Canis lupus
Animalia,Chordata,Aves,Galliformes,Cracidae,Penelope,Penelope montagnii
Animalia,Chordata,Mammalia,Carnivora,Ursidae,Tremarctos,Tremarctos ornatus
Animalia,Chordata,Mammalia,Carnivora,Ursidae,Tremarctos,Tremarctos ornatus
Animalia,Chordata,Mammalia,Carnivora,Ursidae,Tremarctos,Tremarctos ornatus
Animalia,Chordata,Mammalia,Carnivora,Ursidae,Tremarctos,Tremarctos ornatus
Animalia,Chordata,Mammalia,Carnivora,Ursidae,Tremarctos,Tremarctos ornatus
Animalia,Chordata,Mammalia,Carnivora,Ursidae,Tremarctos,Tremarctos ornatus
Animalia,Chordata,Mammalia,Carnivora,Ursidae,Tremarctos,Tremarctos ornatus
Animalia,Chordata,Mammalia,Carnivora,Ursidae,Tremarctos,Tremarctos ornatus
Animalia,Chordata,Mammalia,Carnivora,Ursidae,Tremarctos,Tremarctos ornatus
Animalia,Chordata,Mammalia,Carnivora,Ursidae,Tremarctos,Tremarctos ornatus
Animalia,Chordata,Mammalia,Carnivora,Ursidae,Tremarctos,Tremarctos ornatus
Animalia,Chordata,Mammalia,Carnivora,Ursidae,Tremarctos,Tremarctos ornatus
Animalia,Chordata,Mammalia,Carnivora,Ursidae,Tremarctos,Tremarctos ornatus
Animalia,Chordata,Mammalia,Carnivora,Ursidae,Tremarctos,Tremarctos ornatus
Animalia,Chordata,Mammalia,Carnivora,Ursidae,Tremarctos,Tremarctos ornatus
Animalia,Chordata,Mammalia,Carnivora,Ursidae,Tremarctos,Tremarctos ornatus
Animalia,Chordata,Mammalia,Carnivora,Ursidae,Tremarctos,Tremarctos ornatus
Animalia,Chordata,Mammalia,Carnivora,Ursidae,Tremarctos,Tremarctos ornatus
Animalia,Chordata,Mammalia,Carnivora,Ursidae,Tremarctos,Tremarctos ornatus
Animalia,Chordata,Mammalia,Carnivora,Ursidae,Tremarctos,Tremarctos ornatus
Animalia,Chordata,Mammalia,Carnivora,Ursidae,Tremarctos,Tremarctos ornatus
Animalia,Chordata,Mammalia,Carnivora,Ursidae,Tremarctos,Tremarctos ornatus
Animalia,Chordata,Mammalia,Carnivora,Ursidae,Tremarctos,Tremarctos ornatus
Animalia,Chordata,Mammalia,Carnivora,Ursidae,Tremarctos,Tremarctos ornatus
Animalia,Chordata,Mammalia,Carnivora,Ursidae,Tremarctos,Tremarctos ornatus
Animalia,Chordata,Mammalia,Carnivora,Ursidae,Tremarctos,Tremarctos ornatus
Animalia,Chordata,Mammalia,Carnivora,Ursidae,Tremarctos,Tremarctos ornatus
Animalia,Chordata,Mammalia,Carnivora,Ursidae,Tremarctos,Tremarctos ornatus
Animalia,Chordata,Mammalia,Carnivora,Ursidae,Tremarctos,Tremarctos ornatus
Animalia,Chordata,Mammalia,Carnivora,Ursidae,Tremarctos,Tremarctos ornatus
Animalia,Chordata,Mammalia,Carnivora,Ursidae,Tremarctos,Tremarctos ornatus
Animalia,Chordata,Mammalia,Carnivora,Ursidae,Tremarctos,Tremarctos ornatus
Animalia,Chordata,Mammalia,Carnivora,Ursidae,Tremarctos,Tremarctos ornatus
Animalia,Chordata,Mammalia,Carnivora,Ursidae,Tremarctos,Tremarctos ornatus
Animalia,Chordata,Mammalia,Carnivora,Ursidae,Tremarctos,Tremarctos ornatus
Animalia,Chordata,Aves,Passeriformes,Turdidae,Turdus,Turdus fuscater
Animalia,Chordata,Aves,Passeriformes,Turdidae,Turdus,Turdus fuscater
Animalia,Chordata,Aves,Passeriformes,Turdidae,Turdus,Turdus fuscater
Animalia,Chordata,Aves,Piciformes,Picidae,Campephilus,Campephilus melanoleucos
Animalia,Chordata,Mammalia,Didelphimorphia,Didelphidae,Didelphis,Didelphis pernigra
Animalia,Chordata,Mammalia,Didelphimorphia,Didelphidae,Didelphis,Didelphis pernigra
Animalia,Chordata,Mammalia,Didelphimorphia,Didelphidae,Didelphis,Didelphis pernigra
Animalia,Chordata,Mammalia,Didelphimorphia,Didelphidae,Didelphis,Didelphis pernigra
Animalia,Chordata,Mammalia,Didelphimorphia,Didelphidae,Didelphis,Didelphis pernigra
Animalia,Chordata,Mammalia,Didelphimorphia,Didelphidae,Didelphis,Didelphis pernigra
Animalia,Chordata,Mammalia,Didelphimorphia,Didelphidae,Didelphis,Didelphis pernigra
Animalia,Chordata,Mammalia,Artiodactyla,Cervidae,Odocoileus,Odocoileus virginianus
Animalia,Chordata,Mammalia,Artiodactyla,Cervidae,Odocoileus,Odocoileus virginianus
Animalia,Chordata,Mammalia,Artiodactyla,Cervidae,Odocoileus,Odocoileus virginianus
Animalia,Chordata,Mammalia,Artiodactyla,Cervidae,Odocoileus,Odocoileus virginianus
Animalia,Chordata,Mammalia,Artiodactyla,Cervidae,Odocoileus,Odocoileus virginianus
Animalia,Chordata,Aves,Passeriformes,Grallariidae,Grallaria,Grallaria squamigera
Animalia,Chordata,Mammalia,Carnivora,Mustelidae,Eira,Eira barbara
Animalia,Chordata,Mammalia,Carnivora,Mustelidae,Eira,Eira barbara
Animalia,Chordata,Mammalia,Rodentia,Muridae,Mus,Mus musculus
Animalia,Chordata,Mammalia,Rodentia,Muridae,Mus,Mus musculus
Animalia,Chordata,Mammalia,Carnivora,Felidae,Puma,Puma concolor
Animalia,Chordata,Mammalia,Carnivora,Felidae,Puma,Puma concolor
Animalia,Chordata,Mammalia,Carnivora,Felidae,Puma,Puma concolor
Animalia,Chordata,Mammalia,Carnivora,Felidae,Puma,Puma concolor
Animalia,Chordata,Mammalia,Carnivora,Felidae,Puma,Puma concolor
Animalia,Chordata,Mammalia,Carnivora,Canidae,Canis,Canis lupus
Animalia,Chordata,Aves,Galliformes,Cracidae,Penelope,Penelope montagnii
Animalia,Chordata,Aves,Galliformes,Cracidae,Penelope,Penelope montagnii
Animalia,Chordata,Aves,Galliformes,Cracidae,Penelope,Penelope montagnii
Animalia,Chordata,Aves,Galliformes,Cracidae,Penelope,Penelope montagnii
Animalia,Chordata,Aves,Galliformes,Cracidae,Penelope,Penelope montagnii
Animalia,Chordata,Mammalia,Carnivora,Ursidae,Tremarctos,Tremarctos ornatus
Animalia,Chordata,Mammalia,Carnivora,Ursidae,Tremarctos,Tremarctos ornatus
Animalia,Chordata,Mammalia,Carnivora,Ursidae,Tremarctos,Tremarctos ornatus
Animalia,Chordata,Mammalia,Carnivora,Ursidae,Tremarctos,Tremarctos ornatus
Animalia,Chordata,Mammalia,Carnivora,Ursidae,Tremarctos,Tremarctos ornatus
Animalia,Chordata,Mammalia,Carnivora,Ursidae,Tremarctos,Tremarctos ornatus
Animalia,Chordata,Mammalia,Carnivora,Ursidae,Tremarctos,Tremarctos ornatus
Animalia,Chordata,Mammalia,Carnivora,Ursidae,Tremarctos,Tremarctos ornatus
Animalia,Chordata,Mammalia,Carnivora,Ursidae,Tremarctos,Tremarctos ornatus
Animalia,Chordata,Mammalia,Carnivora,Ursidae,Tremarctos,Tremarctos ornatus
Animalia,Chordata,Mammalia,Carnivora,Ursidae,Tremarctos,Tremarctos ornatus
Animalia,Chordata,Mammalia,Carnivora,Ursidae,Tremarctos,Tremarctos ornatus
Animalia,Chordata,Mammalia,Carnivora,Ursidae,Tremarctos,Tremarctos ornatus
Animalia,Chordata,Mammalia,Carnivora,Ursidae,Tremarctos,Tremarctos ornatus
Animalia,Chordata,Mammalia,Carnivora,Ursidae,Tremarctos,Tremarctos ornatus
Animalia,Chordata,Mammalia,Carnivora,Ursidae,Tremarctos,Tremarctos ornatus
Animalia,Chordata,Mammalia,Carnivora,Ursidae,Tremarctos,Tremarctos ornatus
Animalia,Chordata,Mammalia,Carnivora,Ursidae,Tremarctos,Tremarctos ornatus
Animalia,Chordata,Mammalia,Carnivora,Ursidae,Tremarctos,Tremarctos ornatus
Animalia,Chordata,Mammalia,Carnivora,Ursidae,Tremarctos,Tremarctos ornatus
Animalia,Chordata,Mammalia,Carnivora,Ursidae,Tremarctos,Tremarctos ornatus
Animalia,Chordata,Mammalia,Carnivora,Ursidae,Tremarctos,Tremarctos ornatus
Animalia,Chordata,Mammalia,Carnivora,Ursidae,Tremarctos,Tremarctos ornatus
Animalia,Chordata,Mammalia,Carnivora,Ursidae,Tremarctos,Tremarctos ornatus
Animalia,Chordata,Mammalia,Carnivora,Ursidae,Tremarctos,Tremarctos ornatus
Animalia,Chordata,Mammalia,Carnivora,Ursidae,Tremarctos,Tremarctos ornatus
Animalia,Chordata,Mammalia,Carnivora,Ursidae,Tremarctos,Tremarctos ornatus
Animalia,Chordata,Mammalia,Carnivora,Felidae,Leopardus,Leopardus tigrinus
Animalia,Chordata,Aves,Passeriformes,Turdidae,Turdus,Turdus fuscater
Animalia,Chordata,Aves,Passeriformes,Turdidae,Turdus,Turdus fuscater
Animalia,Chordata,Aves,Passeriformes,Turdidae,Turdus,Turdus fuscater
Animalia,Chordata,Aves,Passeriformes,Turdidae,Turdus,Turdus fuscater
Animalia,Chordata,Aves,Passeriformes,Turdidae,Turdus,Turdus fuscater
Animalia,Chordata,Aves,Passeriformes,Turdidae,Turdus,Turdus fuscater
Animalia,Chordata,Aves,Passeriformes,Turdidae,Turdus,Turdus fuscater
Animalia,Chordata,Aves,Passeriformes,Turdidae,Turdus,Turdus fuscater
Animalia,Chordata,Aves,Passeriformes,Turdidae,Turdus,Turdus fuscater
Animalia,Chordata,Aves,Passeriformes,Turdidae,Turdus,Turdus fuscater
Animalia,Chordata,Aves,Passeriformes,Turdidae,Turdus,Turdus fuscater
Animalia,Chordata,Aves,Passeriformes,Turdidae,Turdus,Turdus fuscater
Animalia,Chordata,Aves,Passeriformes,Turdidae,Turdus,Turdus fuscater
Animalia,Chordata,Aves,Passeriformes,Turdidae,Turdus,Turdus fuscater
Animalia,Chordata,Mammalia,Carnivora,Procyonidae,Nasuella,Nasuella olivacea
Animalia,Chordata,Mammalia,Carnivora,Procyonidae,Nasuella,Nasuella olivacea
Animalia,Chordata,Mammalia,Carnivora,Procyonidae,Nasuella,Nasuella olivacea
Animalia,Chordata,Mammalia,Carnivora,Procyonidae,Nasuella,Nasuella olivacea
Animalia,Chordata,Mammalia,Carnivora,Procyonidae,Nasuella,Nasuella olivacea
Animalia,Chordata,Mammalia,Rodentia,Caviidae,Cavia,Cavia aperea
Animalia,Chordata,Mammalia,Rodentia,Caviidae,Cavia,Cavia aperea
Animalia,Chordata,Mammalia,Rodentia,Caviidae,Cavia,Cavia aperea
Animalia,Chordata,Mammalia,Rodentia,Caviidae,Cavia,Cavia aperea
Animalia,Chordata,Mammalia,Rodentia,Caviidae,Cavia,Cavia aperea
Animalia,Chordata,Mammalia,Rodentia,Caviidae,Cavia,Cavia aperea
Animalia,Chordata,Aves,Piciformes,Picidae,Colaptes,Colaptes rivolii
Animalia,Arthropoda,Malacostraca,Decapoda,Cambaridae,Procambarus,Procambarus clarkii
Animalia,Arthropoda,Malacostraca,Decapoda,Cambaridae,Procambarus,Procambarus clarkii
Animalia,Arthropoda,Malacostraca,Decapoda,Cambaridae,Procambarus,Procambarus clarkii
Animalia,Arthropoda,Malacostraca,Decapoda,Cambaridae,Procambarus,Procambarus clarkii
Animalia,Chordata,Mammalia,Rodentia,Muridae,Mus,Mus musculus
Animalia,Chordata,Mammalia,Carnivora,Procyonidae,Nasuella,Nasuella olivacea
Animalia,Chordata,Amphibia,Anura,Ranidae,Lithobates,Lithobates catesbeianus
Animalia,Chordata,Amphibia,Anura,Ranidae,Lithobates,Lithobates catesbeianus
Animalia,Chordata,Mammalia,Pilosa,Megalonychidae,Choloepus,Choloepus hoffmanni
Animalia,Chordata,Amphibia,Anura,Ranidae,Lithobates,Lithobates catesbeianus
Animalia,Chordata,Amphibia,Anura,Ranidae,Lithobates,Lithobates catesbeianus
Animalia,Chordata,Amphibia,Anura,Ranidae,Lithobates,Lithobates catesbeianus
Animalia,Chordata,Amphibia,Anura,Ranidae,Lithobates,Lithobates catesbeianus
Animalia,Chordata,Amphibia,Anura,Ranidae,Lithobates,Lithobates catesbeianus
Animalia,Chordata,Amphibia,Anura,Ranidae,Lithobates,Lithobates catesbeianus
Animalia,Chordata,Amphibia,Anura,Ranidae,Lithobates,Lithobates catesbeianus
Animalia,Chordata,Amphibia,Anura,Ranidae,Lithobates,Lithobates catesbeianus
Animalia,Chordata,Amphibia,Anura,Ranidae,Lithobates,Lithobates catesbeianus
Animalia,Chordata,Amphibia,Anura,Ranidae,Lithobates,Lithobates catesbeianus
Animalia,Chordata,Mammalia,Pilosa,Megalonychidae,Choloepus,Choloepus hoffmanni
Animalia,Chordata,Mammalia,Pilosa,Megalonychidae,Choloepus,Choloepus hoffmanni
Animalia,Chordata,Mammalia,Pilosa,Megalonychidae,Choloepus,Choloepus hoffmanni
Plantae,Tracheophyta,Liliopsida,Arecales,Arecaceae,Attalea,Attalea butyracea
Plantae,Tracheophyta,Liliopsida,Arecales,Arecaceae,Ceroxylon,
Plantae,Tracheophyta,Magnoliopsida,Gentianales,Apocynaceae,Aspidosperma,Aspidosperma polyneuron
Plantae,Tracheophyta,Magnoliopsida,Sapindales,Anacardiaceae,Anacardium,Anacardium excelsum
Plantae,Tracheophyta,Magnoliopsida,Sapindales,Anacardiaceae,Anacardium,Anacardium excelsum
Plantae,Tracheophyta,Magnoliopsida,Sapindales,Anacardiaceae,Anacardium,Anacardium excelsum
Plantae,Tracheophyta,Magnoliopsida,Sapindales,Anacardiaceae,Anacardium,Anacardium excelsum
Plantae,Tracheophyta,Magnoliopsida,Sapindales,Anacardiaceae,Anacardium,Anacardium excelsum
Plantae,Tracheophyta,Magnoliopsida,Sapindales,Anacardiaceae,Anacardium,Anacardium excelsum
Plantae,Tracheophyta,Magnoliopsida,Fagales,Fagaceae,Quercus,Quercus humboldtii
Plantae,Tracheophyta,Magnoliopsida,Fagales,Fagaceae,Quercus,Quercus humboldtii
Plantae,Tracheophyta,Magnoliopsida,Fagales,Fagaceae,Quercus,Quercus humboldtii
Plantae,Tracheophyta,Magnoliopsida,Fagales,Fagaceae,Quercus,Quercus humboldtii
Plantae,Tracheophyta,Magnoliopsida,Fagales,Fagaceae,Quercus,Quercus humboldtii
Animalia,Mollusca,Gastropoda,Stylommatophora,Achatinidae,Achatina,Achatina fulica
Animalia,Mollusca,Gastropoda,Stylommatophora,Achatinidae,Achatina,Achatina fulica
Animalia,Mollusca,Gastropoda,Stylommatophora,Achatinidae,Achatina,Achatina fulica
Animalia,Mollusca,Gastropoda,Stylommatophora,Achatinidae,Achatina,Achatina fulica
Animalia,Mollusca,Gastropoda,Stylommatophora,Achatinidae,Achatina,Achatina fulica
Animalia,Mollusca,Gastropoda,Stylommatophora,Achatinidae,Achatina,Achatina fulica
Animalia,Mollusca,Gastropoda,Stylommatophora,Achatinidae,Achatina,Achatina fulica
Animalia,Mollusca,Gastropoda,Stylommatophora,Achatinidae,Achatina,Achatina fulica
Animalia,Chordata,Aves,Podicipediformes,Podicipedidae,Podilymbus,Podilymbus podiceps
Animalia,Chordata,Aves,Apodiformes,Trochilidae,Eriocnemis,Eriocnemis vestita
Animalia,Chordata,Aves,Accipitriformes,Accipitridae,Spizaetus,Spizaetus melanoleucus
Animalia,Chordata,Aves,Apodiformes,Apodidae,Streptoprocne,Streptoprocne zonaris
Animalia,Chordata,Aves,Pelecaniformes,Ardeidae,Tigrisoma,Tigrisoma lineatum
Animalia,Chordata,Aves,Gruiformes,Rallidae,Fulica,Fulica americana
Animalia,Chordata,Aves,Passeriformes,Mimidae,Mimus,Mimus gilvus
Animalia,Chordata,Amphibia,Anura,Hylidae,Dendropsophus,Dendropsophus labialis
Animalia,Chordata,Aves,Falconiformes,Falconidae,Milvago,Milvago chimachima
Animalia,Chordata,Aves,Piciformes,Galbulidae,Galbula,Galbula ruficauda
Animalia,Chordata,Reptilia,Squamata,Iguanidae,Iguana,Iguana iguana
Animalia,Chordata,Aves,Galliformes,Cracidae,Ortalis,Ortalis guttata
Animalia,Chordata,Aves,Accipitriformes,Accipitridae,Rupornis,Rupornis magnirostris
Animalia,Chordata,Aves,Apodiformes,Trochilidae,Chalybura,Chalybura buffonii
Animalia,Chordata,Aves,Falconiformes,Falconidae,Caracara,Caracara cheriway
Animalia,Chordata,Aves,Passeriformes,Thraupidae,Dubusia,Dubusia taeniata
Animalia,Chordata,Aves,Charadriiformes,Scolopacidae,Actitis,Actitis macularius
Animalia,Chordata,Aves,Passeriformes,Thraupidae,Anisognathus,Anisognathus igniventris
Animalia,Chordata,Reptilia,Squamata,Tropiduridae,Stenocercus,Stenocercus trachycephalus
Animalia,Chordata,Aves,Piciformes,Picidae,Melanerpes,Melanerpes rubricapillus
Animalia,Chordata,Reptilia,Squamata,Dactyloidae,Anolis,Anolis heterodermus
Animalia,Chordata,Aves,Passeriformes,Tyrannidae,Pyrocephalus,Pyrocephalus rubinus
Plantae,Tracheophyta,Magnoliopsida,Fagales,Fagaceae,Quercus,Quercus humboldtii
Plantae,Tracheophyta,Magnoliopsida,Fagales,Fagaceae,Quercus,Quercus humboldtii
Plantae,Tracheophyta,Magnoliopsida,Fagales,Fagaceae,Quercus,Quercus humboldtii
Plantae,Tracheophyta,Magnoliopsida,Fagales,Fagaceae,Quercus,Quercus humboldtii
Plantae,Tracheophyta,Magnoliopsida,Fagales,Fagaceae,Quercus,Quercus humboldtii
Plantae,Tracheophyta,Liliopsida,Arecales,Arecaceae,Attalea,Attalea butyracea
Plantae,Tracheophyta,Liliopsida,Arecales,Arecaceae,Attalea,Attalea butyracea
Plantae,Tracheophyta,Liliopsida,Arecales,Arecaceae,Attalea,Attalea butyracea
Plantae,Tracheophyta,Liliopsida,Arecales,Arecaceae,Ceroxylon,
Plantae,Tracheophyta,Magnoliopsida,Sapindales,Anacardiaceae,Anacardium,Anacardium excelsum
Animalia,Arthropoda,Malacostraca,Decapoda,Cambaridae,Procambarus,Procambarus clarkii
Animalia,Chordata,Aves,Passeriformes,Icteridae,Molothrus,Molothrus oryzivorus
Animalia,Chordata,Aves,Gruiformes,Rallidae,Gallinula,Gallinula melanops
Animalia,Chordata,Aves,Passeriformes,Icteridae,Molothrus,Molothrus bonariensis
Animalia,Chordata,Amphibia,Anura,Ranidae,Lithobates,Lithobates catesbeianus
Animalia,Chordata,Amphibia,Anura,Ranidae,Lithobates,Lithobates catesbeianus
Animalia,Chordata,Mammalia,Pilosa,Megalonychidae,Choloepus,Choloepus hoffmanni
Plantae,Tracheophyta,Magnoliopsida,Fagales,Fagaceae,Quercus,Quercus humboldtii
Plantae,Tracheophyta,Magnoliopsida,Sapindales,Anacardiaceae,Anacardium,Anacardium excelsum
Plantae,Tracheophyta,Magnoliopsida,Ericales,Lecythidaceae,Lecythis,
Plantae,Tracheophyta,Magnoliopsida,Sapindales,Anacardiaceae,Anacardium,Anacardium excelsum
Plantae,Tracheophyta,Magnoliopsida,Ericales,Lecythidaceae,Cariniana,Cariniana pyriformis
Animalia,Chordata,Amphibia,Anura,Ranidae,Lithobates,Lithobates catesbeianus
Animalia,Chordata,Amphibia,Anura,Ranidae,Lithobates,Lithobates catesbeianus
Animalia,Chordata,Amphibia,Anura,Ranidae,Lithobates,Lithobates catesbeianus
Animalia,Chordata,Amphibia,Anura,Ranidae,Lithobates,Lithobates catesbeianus
Animalia,Chordata,Amphibia,Anura,Ranidae,Lithobates,Lithobates catesbeianus
Animalia,Mollusca,Gastropoda,Stylommatophora,Helicidae,Cornu,Cornu aspersum
Animalia,Chordata,Amphibia,Anura,Ranidae,Lithobates,Lithobates catesbeianus
Animalia,Chordata,Amphibia,Anura,Ranidae,Lithobates,Lithobates catesbeianus
Animalia,Chordata,Mammalia,Pilosa,Megalonychidae,Choloepus,Choloepus hoffmanni
Animalia,Chordata,Mammalia,Pilosa,Megalonychidae,Choloepus,Choloepus hoffmanni
Animalia,Chordata,Mammalia,Pilosa,Megalonychidae,Choloepus,Choloepus hoffmanni
Animalia,Chordata,Mammalia,Pilosa,Megalonychidae,Choloepus,Choloepus hoffmanni
Animalia,Chordata,Mammalia,Pilosa,Megalonychidae,Choloepus,Choloepus hoffmanni
Animalia,Mollusca,Gastropoda,Stylommatophora,Achatinidae,Achatina,Achatina fulica
Animalia,Mollusca,Gastropoda,Stylommatophora,Achatinidae,Achatina,Achatina fulica
Animalia,Mollusca,Gastropoda,Stylommatophora,Achatinidae,Achatina,Achatina fulica
Animalia,Chordata,Mammalia,Didelphimorphia,Didelphidae,Didelphis,Didelphis pernigra
Animalia,Chordata,Mammalia,Didelphimorphia,Didelphidae,Didelphis,Didelphis pernigra
Animalia,Chordata,Mammalia,Didelphimorphia,Didelphidae,Didelphis,Didelphis pernigra
Animalia,Chordata,Mammalia,Artiodactyla,Cervidae,Odocoileus,Odocoileus virginianus
Animalia,Chordata,Mammalia,Artiodactyla,Cervidae,Odocoileus,Odocoileus virginianus
Animalia,Chordata,Mammalia,Artiodactyla,Cervidae,Odocoileus,Odocoileus virginianus
Animalia,Chordata,Mammalia,Artiodactyla,Cervidae,Odocoileus,Odocoileus virginianus
Animalia,Chordata,Aves,Passeriformes,Grallariidae,Grallaria,Grallaria squamigera
Animalia,Chordata,Aves,Galliformes,Cracidae,Penelope,Penelope montagnii
Animalia,Chordata,Mammalia,Carnivora,Ursidae,Tremarctos,Tremarctos ornatus
Animalia,Chordata,Mammalia,Carnivora,Ursidae,Tremarctos,Tremarctos ornatus
Animalia,Chordata,Mammalia,Carnivora,Ursidae,Tremarctos,Tremarctos ornatus
Animalia,Chordata,Mammalia,Carnivora,Ursidae,Tremarctos,Tremarctos ornatus
Animalia,Chordata,Mammalia,Carnivora,Ursidae,Tremarctos,Tremarctos ornatus
Animalia,Chordata,Mammalia,Carnivora,Ursidae,Tremarctos,Tremarctos ornatus
Animalia,Chordata,Mammalia,Carnivora,Ursidae,Tremarctos,Tremarctos ornatus
Animalia,Chordata,Mammalia,Carnivora,Ursidae,Tremarctos,Tremarctos ornatus
Animalia,Chordata,Mammalia,Carnivora,Ursidae,Tremarctos,Tremarctos ornatus
Animalia,Chordata,Mammalia,Carnivora,Ursidae,Tremarctos,Tremarctos ornatus
Animalia,Chordata,Mammalia,Carnivora,Ursidae,Tremarctos,Tremarctos ornatus
Animalia,Chordata,Mammalia,Carnivora,Ursidae,Tremarctos,Tremarctos ornatus
Animalia,Chordata,Mammalia,Carnivora,Ursidae,Tremarctos,Tremarctos ornatus
Animalia,Chordata,Mammalia,Carnivora,Ursidae,Tremarctos,Tremarctos ornatus
Animalia,Chordata,Mammalia,Carnivora,Ursidae,Tremarctos,Tremarctos ornatus
Animalia,Chordata,Mammalia,Carnivora,Ursidae,Tremarctos,Tremarctos ornatus
Animalia,Chordata,Mammalia,Carnivora,Ursidae,Tremarctos,Tremarctos ornatus
Animalia,Chordata,Mammalia,Carnivora,Ursidae,Tremarctos,Tremarctos ornatus
Animalia,Chordata,Mammalia,Carnivora,Ursidae,Tremarctos,Tremarctos ornatus
Animalia,Chordata,Mammalia,Carnivora,Ursidae,Tremarctos,Tremarctos ornatus
Animalia,Chordata,Mammalia,Carnivora,Ursidae,Tremarctos,Tremarctos ornatus
Animalia,Chordata,Mammalia,Carnivora,Ursidae,Tremarctos,Tremarctos ornatus
Animalia,Chordata,Mammalia,Carnivora,Ursidae,Tremarctos,Tremarctos ornatus
Animalia,Chordata,Mammalia,Carnivora,Ursidae,Tremarctos,Tremarctos ornatus
Animalia,Chordata,Mammalia,Carnivora,Ursidae,Tremarctos,Tremarctos ornatus
Animalia,Chordata,Mammalia,Carnivora,Ursidae,Tremarctos,Tremarctos ornatus
Animalia,Chordata,Mammalia,Carnivora,Ursidae,Tremarctos,Tremarctos ornatus
Animalia,Chordata,Mammalia,Carnivora,Ursidae,Tremarctos,Tremarctos ornatus
Animalia,Chordata,Mammalia,Carnivora,Ursidae,Tremarctos,Tremarctos ornatus
Animalia,Chordata,Mammalia,Carnivora,Ursidae,Tremarctos,Tremarctos ornatus
Animalia,Chordata,Mammalia,Carnivora,Ursidae,Tremarctos,Tremarctos ornatus
Animalia,Chordata,Mammalia,Carnivora,Ursidae,Tremarctos,Tremarctos ornatus
Animalia,Chordata,Mammalia,Carnivora,Ursidae,Tremarctos,Tremarctos ornatus
Animalia,Chordata,Aves,Passeriformes,Turdidae,Turdus,Turdus fuscater
Animalia,Chordata,Aves,Passeriformes,Turdidae,Turdus,Turdus fuscater
Animalia,Chordata,Mammalia,Didelphimorphia,Didelphidae,Didelphis,Didelphis pernigra
Animalia,Chordata,Mammalia,Didelphimorphia,Didelphidae,Didelphis,Didelphis pernigra
Animalia,Chordata,Mammalia,Didelphimorphia,Didelphidae,Didelphis,Didelphis pernigra
Animalia,Chordata,Mammalia,Didelphimorphia,Didelphidae,Didelphis,Didelphis pernigra
Animalia,Chordata,Mammalia,Didelphimorphia,Didelphidae,Didelphis,Didelphis pernigra
Animalia,Chordata,Mammalia,Didelphimorphia,Didelphidae,Didelphis,Didelphis pernigra
Animalia,Chordata,Mammalia,Didelphimorphia,Didelphidae,Didelphis,Didelphis pernigra
Animalia,Chordata,Mammalia,Artiodactyla,Cervidae,Odocoileus,Odocoileus virginianus
Animalia,Chordata,Mammalia,Artiodactyla,Cervidae,Odocoileus,Odocoileus virginianus
Animalia,Chordata,Mammalia,Artiodactyla,Cervidae,Odocoileus,Odocoileus virginianus
Animalia,Chordata,Mammalia,Artiodactyla,Cervidae,Odocoileus,Odocoileus virginianus
Animalia,Chordata,Mammalia,Artiodactyla,Cervidae,Odocoileus,Odocoileus virginianus
Animalia,Chordata,Mammalia,Artiodactyla,Cervidae,Odocoileus,Odocoileus virginianus
Animalia,Chordata,Mammalia,Carnivora,Mustelidae,Eira,Eira barbara
Animalia,Chordata,Mammalia,Carnivora,Mustelidae,Eira,Eira barbara
Animalia,Chordata,Mammalia,Rodentia,Muridae,Mus,Mus musculus
Animalia,Chordata,Mammalia,Rodentia,Muridae,Mus,Mus musculus
Animalia,Chordata,Mammalia,Rodentia,Muridae,Mus,Mus musculus
Animalia,Chordata,Mammalia,Carnivora,Felidae,Puma,Puma concolor
Animalia,Chordata,Mammalia,Carnivora,Felidae,Puma,Puma concolor
Animalia,Chordata,Mammalia,Carnivora,Felidae,Puma,Puma concolor
Animalia,Chordata,Mammalia,Carnivora,Felidae,Puma,Puma concolor
Animalia,Chordata,Mammalia,Carnivora,Felidae,Puma,Puma concolor
Animalia,Chordata,Aves,Galliformes,Cracidae,Penelope,Penelope montagnii
Animalia,Chordata,Aves,Galliformes,Cracidae,Penelope,Penelope montagnii
Animalia,Chordata,Aves,Galliformes,Cracidae,Penelope,Penelope montagnii
Animalia,Chordata,Aves,Galliformes,Cracidae,Penelope,Penelope montagnii
Animalia,Chordata,Aves,Galliformes,Cracidae,Penelope,Penelope montagnii
Animalia,Chordata,Mammalia,Carnivora,Ursidae,Tremarctos,Tremarctos ornatus
Animalia,Chordata,Mammalia,Carnivora,Ursidae,Tremarctos,Tremarctos ornatus
Animalia,Chordata,Mammalia,Carnivora,Ursidae,Tremarctos,Tremarctos ornatus
Animalia,Chordata,Mammalia,Carnivora,Ursidae,Tremarctos,Tremarctos ornatus
Animalia,Chordata,Mammalia,Carnivora,Ursidae,Tremarctos,Tremarctos ornatus
Animalia,Chordata,Mammalia,Carnivora,Ursidae,Tremarctos,Tremarctos ornatus
Animalia,Chordata,Mammalia,Carnivora,Ursidae,Tremarctos,Tremarctos ornatus
Animalia,Chordata,Mammalia,Carnivora,Ursidae,Tremarctos,Tremarctos ornatus
Animalia,Chordata,Mammalia,Carnivora,Ursidae,Tremarctos,Tremarctos ornatus
Animalia,Chordata,Mammalia,Carnivora,Ursidae,Tremarctos,Tremarctos ornatus
Animalia,Chordata,Mammalia,Carnivora,Ursidae,Tremarctos,Tremarctos ornatus
Animalia,Chordata,Mammalia,Carnivora,Ursidae,Tremarctos,Tremarctos ornatus
Animalia,Chordata,Mammalia,Carnivora,Ursidae,Tremarctos,Tremarctos ornatus
Animalia,Chordata,Mammalia,Carnivora,Ursidae,Tremarctos,Tremarctos ornatus
Animalia,Chordata,Mammalia,Carnivora,Ursidae,Tremarctos,Tremarctos ornatus
Animalia,Chordata,Mammalia,Carnivora,Ursidae,Tremarctos,Tremarctos ornatus
Animalia,Chordata,Mammalia,Carnivora,Ursidae,Tremarctos,Tremarctos ornatus
Animalia,Chordata,Mammalia,Carnivora,Ursidae,Tremarctos,Tremarctos ornatus
Animalia,Chordata,Mammalia,Carnivora,Ursidae,Tremarctos,Tremarctos ornatus
Animalia,Chordata,Mammalia,Carnivora,Ursidae,Tremarctos,Tremarctos ornatus
Animalia,Chordata,Mammalia,Carnivora,Ursidae,Tremarctos,Tremarctos ornatus
Animalia,Chordata,Mammalia,Carnivora,Ursidae,Tremarctos,Tremarctos ornatus
Animalia,Chordata,Mammalia,Carnivora,Ursidae,Tremarctos,Tremarctos ornatus
Animalia,Chordata,Mammalia,Carnivora,Ursidae,Tremarctos,Tremarctos ornatus
Animalia,Chordata,Mammalia,Carnivora,Ursidae,Tremarctos,Tremarctos ornatus
Animalia,Chordata,Mammalia,Carnivora,Ursidae,Tremarctos,Tremarctos ornatus
Animalia,Chordata,Mammalia,Carnivora,Ursidae,Tremarctos,Tremarctos ornatus
Animalia,Chordata,Aves,Passeriformes,Turdidae,Turdus,Turdus fuscater
Animalia,Chordata,Aves,Passeriformes,Turdidae,Turdus,Turdus fuscater
Animalia,Chordata,Aves,Passeriformes,Turdidae,Turdus,Turdus fuscater
Animalia,Chordata,Aves,Passeriformes,Turdidae,Turdus,Turdus fuscater
Animalia,Chordata,Aves,Passeriformes,Turdidae,Turdus,Turdus fuscater
Animalia,Chordata,Aves,Passeriformes,Turdidae,Turdus,Turdus fuscater
Animalia,Chordata,Aves,Passeriformes,Turdidae,Turdus,Turdus fuscater
Animalia,Chordata,Aves,Passeriformes,Turdidae,Turdus,Turdus fuscater
Animalia,Chordata,Aves,Passeriformes,Turdidae,Turdus,Turdus fuscater
Animalia,Chordata,Aves,Passeriformes,Turdidae,Turdus,Turdus fuscater
Animalia,Chordata,Aves,Passeriformes,Turdidae,Turdus,Turdus fuscater
Animalia,Chordata,Aves,Passeriformes,Turdidae,Turdus,Turdus fuscater
Animalia,Chordata,Aves,Passeriformes,Turdidae,Turdus,Turdus fuscater
Animalia,Chordata,Aves,Passeriformes,Turdidae,Turdus,Turdus fuscater
Animalia,Chordata,Mammalia,Carnivora,Procyonidae,Nasuella,Nasuella olivacea
Animalia,Chordata,Mammalia,Carnivora,Procyonidae,Nasuella,Nasuella olivacea
Animalia,Chordata,Mammalia,Carnivora,Procyonidae,Nasuella,Nasuella olivacea
Animalia,Chordata,Mammalia,Carnivora,Procyonidae,Nasuella,Nasuella olivacea
Animalia,Chordata,Mammalia,Rodentia,Caviidae,Cavia,Cavia aperea
Animalia,Chordata,Mammalia,Rodentia,Caviidae,Cavia,Cavia aperea
Animalia,Chordata,Mammalia,Rodentia,Caviidae,Cavia,Cavia aperea
Animalia,Chordata,Mammalia,Rodentia,Caviidae,Cavia,Cavia aperea
Animalia,Chordata,Mammalia,Rodentia,Caviidae,Cavia,Cavia aperea
Animalia,Chordata,Mammalia,Rodentia,Caviidae,Cavia,Cavia aperea
Animalia,Chordata,Aves,Piciformes,Picidae,Colaptes,Colaptes rivolii
Animalia,Arthropoda,Malacostraca,Decapoda,Cambaridae,Procambarus,Procambarus clarkii
Animalia,Arthropoda,Malacostraca,Decapoda,Cambaridae,Procambarus,Procambarus clarkii
Animalia,Arthropoda,Malacostraca,Decapoda,Cambaridae,Procambarus,Procambarus clarkii
Animalia,Arthropoda,Malacostraca,Decapoda,Cambaridae,Procambarus,Procambarus clarkii
Animalia,Chordata,Mammalia,Rodentia,Sciuridae,Sciurus,Sciurus granatensis
Animalia,Chordata,Aves,Galliformes,Cracidae,Penelope,Penelope montagnii
Animalia,Chordata,Amphibia,Anura,Ranidae,Lithobates,Lithobates catesbeianus
Animalia,Chordata,Amphibia,Anura,Ranidae,Lithobates,Lithobates catesbeianus
Animalia,Chordata,Amphibia,Anura,Ranidae,Lithobates,Lithobates catesbeianus
Animalia,Chordata,Amphibia,Anura,Ranidae,Lithobates,Lithobates catesbeianus
Animalia,Chordata,Amphibia,Anura,Ranidae,Lithobates,Lithobates catesbeianus
Animalia,Chordata,Amphibia,Anura,Ranidae,Lithobates,Lithobates catesbeianus
Animalia,Chordata,Amphibia,Anura,Ranidae,Lithobates,Lithobates catesbeianus
Animalia,Chordata,Amphibia,Anura,Ranidae,Lithobates,Lithobates catesbeianus
Animalia,Chordata,Amphibia,Anura,Ranidae,Lithobates,Lithobates catesbeianus
Animalia,Chordata,Amphibia,Anura,Ranidae,Lithobates,Lithobates catesbeianus
Animalia,Chordata,Amphibia,Anura,Ranidae,Lithobates,Lithobates catesbeianus
Animalia,Chordata,Amphibia,Anura,Ranidae,Lithobates,Lithobates catesbeianus
Animalia,Chordata,Amphibia,Anura,Ranidae,Lithobates,Lithobates catesbeianus
Animalia,Chordata,Mammalia,Pilosa,Megalonychidae,Choloepus,Choloepus hoffmanni
Animalia,Chordata,Mammalia,Pilosa,Megalonychidae,Choloepus,Choloepus hoffmanni
Animalia,Chordata,Mammalia,Pilosa,Megalonychidae,Choloepus,Choloepus hoffmanni
Animalia,Chordata,Mammalia,Pilosa,Megalonychidae,Choloepus,Choloepus hoffmanni
Plantae,Tracheophyta,Liliopsida,Arecales,Arecaceae,Attalea,Attalea butyracea
Plantae,Tracheophyta,Magnoliopsida,Gentianales,Apocynaceae,Aspidosperma,Aspidosperma polyneuron
Plantae,Tracheophyta,Magnoliopsida,Sapindales,Anacardiaceae,Anacardium,Anacardium excelsum
Plantae,Tracheophyta,Magnoliopsida,Sapindales,Anacardiaceae,Anacardium,Anacardium excelsum
Plantae,Tracheophyta,Magnoliopsida,Sapindales,Anacardiaceae,Anacardium,Anacardium excelsum
Plantae,Tracheophyta,Magnoliopsida,Sapindales,Anacardiaceae,Anacardium,Anacardium excelsum
Plantae,Tracheophyta,Magnoliopsida,Sapindales,Anacardiaceae,Anacardium,Anacardium excelsum
Plantae,Tracheophyta,Magnoliopsida,Fagales,Fagaceae,Quercus,Quercus humboldtii
Plantae,Tracheophyta,Magnoliopsida,Fagales,Fagaceae,Quercus,Quercus humboldtii
Plantae,Tracheophyta,Magnoliopsida,Fagales,Fagaceae,Quercus,Quercus humboldtii
Plantae,Tracheophyta,Magnoliopsida,Fagales,Fagaceae,Quercus,Quercus humboldtii
Plantae,Tracheophyta,Magnoliopsida,Fagales,Fagaceae,Quercus,Quercus humboldtii
Animalia,Mollusca,Gastropoda,Stylommatophora,Achatinidae,Achatina,Achatina fulica
Animalia,Mollusca,Gastropoda,Stylommatophora,Achatinidae,Achatina,Achatina fulica
Animalia,Mollusca,Gastropoda,Stylommatophora,Achatinidae,Achatina,Achatina fulica
Animalia,Mollusca,Gastropoda,Stylommatophora,Achatinidae,Achatina,Achatina fulica
Animalia,Mollusca,Gastropoda,Stylommatophora,Achatinidae,Achatina,Achatina fulica
Animalia,Mollusca,Gastropoda,Stylommatophora,Achatinidae,Achatina,Achatina fulica
Animalia,Mollusca,Gastropoda,Stylommatophora,Achatinidae,Achatina,Achatina fulica
Animalia,Chordata,Mammalia,Artiodactyla,Cervidae,Odocoileus,Odocoileus virginianus
Animalia,Chordata,Amphibia,Anura,Strabomantidae,Pristimantis,Pristimantis savagei
Animalia,Chordata,Aves,Passeriformes,Thraupidae,Diglossa,Diglossa cyanea
Animalia,Chordata,Aves,Galliformes,Cracidae,Penelope,Penelope montagnii
Animalia,Chordata,Aves,Anseriformes,Anatidae,Anas,Anas discors
Animalia,Chordata,Aves,Pelecaniformes,Ardeidae,Egretta,Egretta caerulea
Animalia,Chordata,Aves,Piciformes,Picidae,Colaptes,Colaptes rivolii
Animalia,Chordata,Aves,Accipitriformes,Accipitridae,Spizaetus,Spizaetus melanoleucus
Animalia,Chordata,Aves,Passeriformes,Tyrannidae,Fluvicola,Fluvicola pica
Animalia,Chordata,Aves,Passeriformes,Grallariidae,Grallaria,Grallaria rufula
Animalia,Chordata,Aves,Passeriformes,Thraupidae,Ramphocelus,Ramphocelus dimidiatus
Animalia,Chordata,Aves,Passeriformes,Icteridae,Sturnella,Sturnella militaris
Animalia,Chordata,Aves,Passeriformes,Cardinalidae,Piranga,Piranga leucoptera
Animalia,Chordata,Aves,Passeriformes,Thraupidae,Diglossa,Diglossa cyanea
Animalia,Chordata,Aves,Psittaciformes,Psittacidae,Forpus,Forpus conspicillatus
Animalia,Chordata,Aves,Passeriformes,Fringillidae,Spinus,Spinus spinescens
Animalia,Chordata,Reptilia,Squamata,Iguanidae,Iguana,Iguana iguana
Animalia,Chordata,Aves,Falconiformes,Falconidae,Falco,Falco femoralis
Animalia,Chordata,Aves,Accipitriformes,Accipitridae,Rupornis,Rupornis magnirostris
Animalia,Chordata,Aves,Pelecaniformes,Ardeidae,Nycticorax,Nycticorax nycticorax
Animalia,Chordata,Aves,Passeriformes,Thraupidae,Sporophila,Sporophila nigricollis
Animalia,Chordata,Aves,Passeriformes,Icteridae,Molothrus,Molothrus bonariensis
Animalia,Chordata,Aves,Passeriformes,Thraupidae,Sicalis,Sicalis flaveola
Animalia,Chordata,Aves,Passeriformes,Thraupidae,Thraupis,Thraupis palmarum
Animalia,Chordata,Aves,Passeriformes,Thraupidae,Ramphocelus,Ramphocelus dimidiatus
Animalia,Chordata,Aves,Falconiformes,Falconidae,Milvago,Milvago chimachima
Animalia,Chordata,Mammalia,Artiodactyla,Tayassuidae,Pecari,Pecari tajacu
Animalia,Chordata,Aves,Passeriformes,Icteridae,Sturnella,Sturnella magna
Animalia,Chordata,Aves,Passeriformes,Icteridae,Psarocolius,Psarocolius decumanus
Animalia,Chordata,Aves,Passeriformes,Thraupidae,Thraupis,Thraupis episcopus
Plantae,Tracheophyta,Magnoliopsida,Fagales,Fagaceae,Quercus,Quercus humboldtii
Plantae,Tracheophyta,Magnoliopsida,Fagales,Fagaceae,Quercus,Quercus humboldtii
Plantae,Tracheophyta,Magnoliopsida,Fagales,Fagaceae,Quercus,Quercus humboldtii
Plantae,Tracheophyta,Magnoliopsida,Fagales,Fagaceae,Quercus,Quercus humboldtii
Plantae,Tracheophyta,Magnoliopsida,Fagales,Fagaceae,Quercus,Quercus humboldtii
Plantae,Tracheophyta,Magnoliopsida,Fagales,Fagaceae,Quercus,Quercus humboldtii
Plantae,Tracheophyta,Liliopsida,Arecales,Arecaceae,Attalea,Attalea butyracea
Plantae,Tracheophyta,Liliopsida,Arecales,Arecaceae,Attalea,Attalea butyracea
Plantae,Tracheophyta,Liliopsida,Arecales,Arecaceae,Ceroxylon,
Plantae,Tracheophyta,Liliopsida,Arecales,Arecaceae,Ceroxylon,
Plantae,Tracheophyta,Liliopsida,Arecales,Arecaceae,Ceroxylon,
Plantae,Tracheophyta,Magnoliopsida,Sapindales,Anacardiaceae,Anacardium,Anacardium excelsum
Animalia,Arthropoda,Malacostraca,Decapoda,Cambaridae,Procambarus,Procambarus clarkii
Animalia,Chordata,Aves,Gruiformes,Rallidae,Gallinula,Gallinula melanops
Animalia,Chordata,Aves,Gruiformes,Rallidae,Gallinula,Gallinula melanops
Animalia,Chordata,Aves,Passeriformes,Icteridae,Molothrus,Molothrus bonariensis
Animalia,Chordata,Aves,Passeriformes,Icteridae,Molothrus,Molothrus bonariensis
Animalia,Chordata,Amphibia,Anura,Ranidae,Lithobates,Lithobates catesbeianus
Animalia,Chordata,Amphibia,Anura,Ranidae,Lithobates,Lithobates catesbeianus
Animalia,Chordata,Amphibia,Anura,Ranidae,Lithobates,Lithobates catesbeianus
Animalia,Chordata,Mammalia,Pilosa,Megalonychidae,Choloepus,Choloepus hoffmanni
Plantae,Tracheophyta,Magnoliopsida,Gentianales,Apocynaceae,Aspidosperma,Aspidosperma polyneuron
Plantae,Tracheophyta,Liliopsida,Arecales,Arecaceae,Sabal,Sabal mauritiiformis
Plantae,Tracheophyta,Magnoliopsida,Gentianales,Apocynaceae,Aspidosperma,Aspidosperma polyneuron
Animalia,Chordata,Amphibia,Anura,Ranidae,Lithobates,Lithobates catesbeianus
Animalia,Chordata,Amphibia,Anura,Ranidae,Lithobates,Lithobates catesbeianus
Animalia,Chordata,Amphibia,Anura,Ranidae,Lithobates,Lithobates catesbeianus
Animalia,Chordata,Amphibia,Anura,Ranidae,Lithobates,Lithobates catesbeianus
Animalia,Chordata,Amphibia,Anura,Ranidae,Lithobates,Lithobates catesbeianus
Animalia,Mollusca,Gastropoda,Stylommatophora,Achatinidae,Achatina,Achatina fulica
Animalia,Chordata,Amphibia,Anura,Ranidae,Lithobates,Lithobates catesbeianus
Animalia,Chordata,Amphibia,Anura,Ranidae,Lithobates,Lithobates catesbeianus
Animalia,Chordata,Mammalia,Pilosa,Megalonychidae,Choloepus,Choloepus hoffmanni
Animalia,Chordata,Mammalia,Pilosa,Megalonychidae,Choloepus,Choloepus hoffmanni
Animalia,Chordata,Mammalia,Pilosa,Megalonychidae,Choloepus,Choloepus hoffmanni
Animalia,Chordata,Mammalia,Pilosa,Megalonychidae,Choloepus,Choloepus hoffmanni
Animalia,Chordata,Mammalia,Pilosa,Megalonychidae,Choloepus,Choloepus hoffmanni
Animalia,Mollusca,Gastropoda,Stylommatophora,Achatinidae,Achatina,Achatina fulica
Animalia,Mollusca,Gastropoda,Stylommatophora,Achatinidae,Achatina,Achatina fulica
Animalia,Mollusca,Gastropoda,Stylommatophora,Achatinidae,Achatina,Achatina fulica
Animalia,Mollusca,Gastropoda,Stylommatophora,Achatinidae,Achatina,Achatina fulica
Animalia,Chordata,Mammalia,Didelphimorphia,Didelphidae,Didelphis,Didelphis pernigra
Animalia,Chordata,Mammalia,Didelphimorphia,Didelphidae,Didelphis,Didelphis pernigra
Animalia,Chordata,Mammalia,Didelphimorphia,Didelphidae,Didelphis,Didelphis pernigra
Animalia,Chordata,Mammalia,Artiodactyla,Cervidae,Odocoileus,Odocoileus virginianus
Animalia,Chordata,Mammalia,Artiodactyla,Cervidae,Odocoileus,Odocoileus virginianus
Animalia,Chordata,Mammalia,Artiodactyla,Cervidae,Odocoileus,Odocoileus virginianus
Animalia,Chordata,Mammalia,Artiodactyla,Cervidae,Odocoileus,Odocoileus virginianus
Animalia,Chordata,Mammalia,Artiodactyla,Cervidae,Odocoileus,Odocoileus virginianus
Animalia,Chordata,Mammalia,Artiodactyla,Cervidae,Odocoileus,Odocoileus virginianus
Animalia,Chordata,Aves,Passeriformes,Grallariidae,Grallaria,Grallaria squamigera
Animalia,Chordata,Mammalia,Carnivora,Canidae,Canis,Canis lupus
Animalia,Chordata,Aves,Galliformes,Cracidae,Penelope,Penelope montagnii
Animalia,Chordata,Mammalia,Carnivora,Ursidae,Tremarctos,Tremarctos ornatus
Animalia,Chordata,Mammalia,Carnivora,Ursidae,Tremarctos,Tremarctos ornatus
Animalia,Chordata,Mammalia,Carnivora,Ursidae,Tremarctos,Tremarctos ornatus
Animalia,Chordata,Mammalia,Carnivora,Ursidae,Tremarctos,Tremarctos ornatus
Animalia,Chordata,Mammalia,Carnivora,Ursidae,Tremarctos,Tremarctos ornatus
Animalia,Chordata,Mammalia,Carnivora,Ursidae,Tremarctos,Tremarctos ornatus
Animalia,Chordata,Mammalia,Carnivora,Ursidae,Tremarctos,Tremarctos ornatus
Animalia,Chordata,Mammalia,Carnivora,Ursidae,Tremarctos,Tremarctos ornatus
Animalia,Chordata,Mammalia,Carnivora,Ursidae,Tremarctos,Tremarctos ornatus
Animalia,Chordata,Mammalia,Carnivora,Ursidae,Tremarctos,Tremarctos ornatus
Animalia,Chordata,Mammalia,Carnivora,Ursidae,Tremarctos,Tremarctos ornatus
Animalia,Chordata,Mammalia,Carnivora,Ursidae,Tremarctos,Tremarctos ornatus
Animalia,Chordata,Mammalia,Carnivora,Ursidae,Tremarctos,Tremarctos ornatus
Animalia,Chordata,Mammalia,Carnivora,Ursidae,Tremarctos,Tremarctos ornatus
Animalia,Chordata,Mammalia,Carnivora,Ursidae,Tremarctos,Tremarctos ornatus
Animalia,Chordata,Mammalia,Carnivora,Ursidae,Tremarctos,Tremarctos ornatus
Animalia,Chordata,Mammalia,Carnivora,Ursidae,Tremarctos,Tremarctos ornatus
Animalia,Chordata,Mammalia,Carnivora,Ursidae,Tremarctos,Tremarctos ornatus
Animalia,Chordata,Mammalia,Carnivora,Ursidae,Tremarctos,Tremarctos ornatus
Animalia,Chordata,Mammalia,Carnivora,Ursidae,Tremarctos,Tremarctos ornatus
Animalia,Chordata,Mammalia,Carnivora,Ursidae,Tremarctos,Tremarctos ornatus
Animalia,Chordata,Mammalia,Carnivora,Ursidae,Tremarctos,Tremarctos ornatus
Animalia,Chordata,Mammalia,Carnivora,Ursidae,Tremarctos,Tremarctos ornatus
Animalia,Chordata,Mammalia,Carnivora,Ursidae,Tremarctos,Tremarctos ornatus
Animalia,Chordata,Mammalia,Carnivora,Ursidae,Tremarctos,Tremarctos ornatus
Animalia,Chordata,Mammalia,Carnivora,Ursidae,Tremarctos,Tremarctos ornatus
Animalia,Chordata,Mammalia,Carnivora,Ursidae,Tremarctos,Tremarctos ornatus
Animalia,Chordata,Mammalia,Carnivora,Ursidae,Tremarctos,Tremarctos ornatus
Animalia,Chordata,Mammalia,Carnivora,Ursidae,Tremarctos,Tremarctos ornatus
Animalia,Chordata,Mammalia,Carnivora,Ursidae,Tremarctos,Tremarctos ornatus
Animalia,Chordata,Mammalia,Carnivora,Ursidae,Tremarctos,Tremarctos ornatus
Animalia,Chordata,Mammalia,Carnivora,Ursidae,Tremarctos,Tremarctos ornatus
Animalia,Chordata,Mammalia,Carnivora,Ursidae,Tremarctos,Tremarctos ornatus
Animalia,Chordata,Mammalia,Carnivora,Ursidae,Tremarctos,Tremarctos ornatus
Animalia,Chordata,Mammalia,Carnivora,Ursidae,Tremarctos,Tremarctos ornatus
Animalia,Chordata,Aves,Passeriformes,Turdidae,Turdus,Turdus fuscater
Animalia,Chordata,Aves,Passeriformes,Emberizidae,Zonotrichia,Zonotrichia capensis
Animalia,Chordata,Mammalia,Didelphimorphia,Didelphidae,Didelphis,Didelphis pernigra
Animalia,Chordata,Mammalia,Didelphimorphia,Didelphidae,Didelphis,Didelphis pernigra
Animalia,Chordata,Mammalia,Didelphimorphia,Didelphidae,Didelphis,Didelphis pernigra
Animalia,Chordata,Mammalia,Didelphimorphia,Didelphidae,Didelphis,Didelphis pernigra
Animalia,Chordata,Mammalia,Didelphimorphia,Didelphidae,Didelphis,Didelphis pernigra
Animalia,Chordata,Mammalia,Didelphimorphia,Didelphidae,Didelphis,Didelphis pernigra
Animalia,Chordata,Mammalia,Didelphimorphia,Didelphidae,Didelphis,Didelphis pernigra
Animalia,Chordata,Mammalia,Didelphimorphia,Didelphidae,Didelphis,Didelphis pernigra
Animalia,Chordata,Mammalia,Didelphimorphia,Didelphidae,Didelphis,Didelphis pernigra
Animalia,Chordata,Mammalia,Artiodactyla,Cervidae,Mazama,Mazama rufina
Animalia,Chordata,Mammalia,Artiodactyla,Cervidae,Odocoileus,Odocoileus virginianus
Animalia,Chordata,Mammalia,Artiodactyla,Cervidae,Odocoileus,Odocoileus virginianus
Animalia,Chordata,Mammalia,Artiodactyla,Cervidae,Odocoileus,Odocoileus virginianus
Animalia,Chordata,Mammalia,Artiodactyla,Cervidae,Odocoileus,Odocoileus virginianus
Animalia,Chordata,Mammalia,Artiodactyla,Cervidae,Odocoileus,Odocoileus virginianus
Animalia,Chordata,Aves,Passeriformes,Grallariidae,Grallaria,Grallaria squamigera
Animalia,Chordata,Mammalia,Carnivora,Mustelidae,Eira,Eira barbara
Animalia,Chordata,Mammalia,Rodentia,Muridae,Mus,Mus musculus
Animalia,Chordata,Mammalia,Rodentia,Muridae,Mus,Mus musculus
Animalia,Chordata,Mammalia,Carnivora,Felidae,Puma,Puma concolor
Animalia,Chordata,Mammalia,Carnivora,Felidae,Puma,Puma concolor
Animalia,Chordata,Mammalia,Carnivora,Felidae,Puma,Puma concolor
Animalia,Chordata,Mammalia,Carnivora,Felidae,Puma,Puma concolor
Animalia,Chordata,Mammalia,Carnivora,Canidae,Canis,Canis lupus
Animalia,Chordata,Aves,Galliformes,Cracidae,Penelope,Penelope montagnii
Animalia,Chordata,Aves,Galliformes,Cracidae,Penelope,Penelope montagnii
Animalia,Chordata,Aves,Galliformes,Cracidae,Penelope,Penelope montagnii
Animalia,Chordata,Aves,Galliformes,Cracidae,Penelope,Penelope montagnii
Animalia,Chordata,Aves,Galliformes,Cracidae,Penelope,Penelope montagnii
Animalia,Chordata,Mammalia,Carnivora,Ursidae,Tremarctos,Tremarctos ornatus
Animalia,Chordata,Mammalia,Carnivora,Ursidae,Tremarctos,Tremarctos ornatus
Animalia,Chordata,Mammalia,Carnivora,Ursidae,Tremarctos,Tremarctos ornatus
Animalia,Chordata,Mammalia,Carnivora,Ursidae,Tremarctos,Tremarctos ornatus
Animalia,Chordata,Aves,Piciformes,Picidae,Colaptes,Colaptes rivolii
Animalia,Chordata,Mammalia,Carnivora,Ursidae,Tremarctos,Tremarctos ornatus
Animalia,Chordata,Mammalia,Carnivora,Ursidae,Tremarctos,Tremarctos ornatus
Animalia,Chordata,Mammalia,Carnivora,Ursidae,Tremarctos,Tremarctos ornatus
Animalia,Chordata,Mammalia,Carnivora,Ursidae,Tremarctos,Tremarctos ornatus
Animalia,Chordata,Mammalia,Carnivora,Ursidae,Tremarctos,Tremarctos ornatus
Animalia,Chordata,Mammalia,Carnivora,Ursidae,Tremarctos,Tremarctos ornatus
Animalia,Chordata,Mammalia,Carnivora,Ursidae,Tremarctos,Tremarctos ornatus
Animalia,Chordata,Mammalia,Carnivora,Ursidae,Tremarctos,Tremarctos ornatus
Animalia,Chordata,Mammalia,Carnivora,Ursidae,Tremarctos,Tremarctos ornatus
Animalia,Chordata,Mammalia,Carnivora,Ursidae,Tremarctos,Tremarctos ornatus
Animalia,Chordata,Mammalia,Carnivora,Ursidae,Tremarctos,Tremarctos ornatus
Animalia,Chordata,Mammalia,Carnivora,Ursidae,Tremarctos,Tremarctos ornatus
Animalia,Chordata,Mammalia,Carnivora,Ursidae,Tremarctos,Tremarctos ornatus
Animalia,Chordata,Mammalia,Carnivora,Ursidae,Tremarctos,Tremarctos ornatus
Animalia,Chordata,Mammalia,Carnivora,Ursidae,Tremarctos,Tremarctos ornatus
Animalia,Chordata,Mammalia,Carnivora,Ursidae,Tremarctos,Tremarctos ornatus
Animalia,Chordata,Mammalia,Carnivora,Ursidae,Tremarctos,Tremarctos ornatus
Animalia,Chordata,Mammalia,Carnivora,Ursidae,Tremarctos,Tremarctos ornatus
Animalia,Chordata,Mammalia,Carnivora,Ursidae,Tremarctos,Tremarctos ornatus
Animalia,Chordata,Mammalia,Carnivora,Ursidae,Tremarctos,Tremarctos ornatus
Animalia,Chordata,Mammalia,Carnivora,Ursidae,Tremarctos,Tremarctos ornatus
Animalia,Chordata,Mammalia,Carnivora,Ursidae,Tremarctos,Tremarctos ornatus
Animalia,Chordata,Mammalia,Carnivora,Ursidae,Tremarctos,Tremarctos ornatus
Animalia,Chordata,Aves,Passeriformes,Turdidae,Turdus,Turdus fuscater
Animalia,Chordata,Aves,Passeriformes,Turdidae,Turdus,Turdus fuscater
Animalia,Chordata,Aves,Passeriformes,Turdidae,Turdus,Turdus fuscater
Animalia,Chordata,Aves,Passeriformes,Turdidae,Turdus,Turdus fuscater
Animalia,Chordata,Aves,Passeriformes,Turdidae,Turdus,Turdus fuscater
Animalia,Chordata,Aves,Passeriformes,Turdidae,Turdus,Turdus fuscater
Animalia,Chordata,Aves,Passeriformes,Turdidae,Turdus,Turdus fuscater
Animalia,Chordata,Aves,Passeriformes,Turdidae,Turdus,Turdus fuscater
Animalia,Chordata,Aves,Passeriformes,Turdidae,Turdus,Turdus fuscater
Animalia,Chordata,Aves,Passeriformes,Turdidae,Turdus,Turdus fuscater
Animalia,Chordata,Aves,Passeriformes,Turdidae,Turdus,Turdus fuscater
Animalia,Chordata,Aves,Passeriformes,Turdidae,Turdus,Turdus fuscater
Animalia,Chordata,Aves,Passeriformes,Turdidae,Turdus,Turdus fuscater
Animalia,Chordata,Aves,Passeriformes,Turdidae,Turdus,Turdus fuscater
Animalia,Chordata,Mammalia,Carnivora,Procyonidae,Nasuella,Nasuella olivacea
Animalia,Chordata,Mammalia,Carnivora,Procyonidae,Nasuella,Nasuella olivacea
Animalia,Chordata,Mammalia,Carnivora,Procyonidae,Nasuella,Nasuella olivacea
Animalia,Chordata,Mammalia,Carnivora,Procyonidae,Nasuella,Nasuella olivacea
Animalia,Chordata,Mammalia,Carnivora,Procyonidae,Nasuella,Nasuella olivacea
Animalia,Chordata,Mammalia,Rodentia,Caviidae,Cavia,Cavia aperea
Animalia,Chordata,Mammalia,Rodentia,Caviidae,Cavia,Cavia aperea
Animalia,Chordata,Mammalia,Rodentia,Caviidae,Cavia,Cavia aperea
Animalia,Chordata,Mammalia,Rodentia,Caviidae,Cavia,Cavia aperea
Animalia,Chordata,Mammalia,Rodentia,Caviidae,Cavia,Cavia aperea
Animalia,Chordata,Mammalia,Rodentia,Caviidae,Cavia,Cavia aperea
Animalia,Arthropoda,Malacostraca,Decapoda,Cambaridae,Procambarus,Procambarus clarkii
Animalia,Arthropoda,Malacostraca,Decapoda,Cambaridae,Procambarus,Procambarus clarkii
Animalia,Arthropoda,Malacostraca,Decapoda,Cambaridae,Procambarus,Procambarus clarkii
Animalia,Chordata,Mammalia,Carnivora,Procyonidae,Nasuella,Nasuella olivacea
Animalia,Chordata,Amphibia,Anura,Ranidae,Lithobates,Lithobates catesbeianus
Animalia,Chordata,Amphibia,Anura,Ranidae,Lithobates,Lithobates catesbeianus
Animalia,Chordata,Amphibia,Anura,Ranidae,Lithobates,Lithobates catesbeianus
Animalia,Chordata,Amphibia,Anura,Ranidae,Lithobates,Lithobates catesbeianus
Animalia,Chordata,Amphibia,Anura,Ranidae,Lithobates,Lithobates catesbeianus
Animalia,Chordata,Amphibia,Anura,Ranidae,Lithobates,Lithobates catesbeianus
Animalia,Chordata,Amphibia,Anura,Ranidae,Lithobates,Lithobates catesbeianus
Animalia,Chordata,Amphibia,Anura,Ranidae,Lithobates,Lithobates catesbeianus
Animalia,Chordata,Amphibia,Anura,Ranidae,Lithobates,Lithobates catesbeianus
Animalia,Chordata,Amphibia,Anura,Ranidae,Lithobates,Lithobates catesbeianus
Animalia,Chordata,Amphibia,Anura,Ranidae,Lithobates,Lithobates catesbeianus
Animalia,Chordata,Amphibia,Anura,Ranidae,Lithobates,Lithobates catesbeianus
Animalia,Chordata,Amphibia,Anura,Ranidae,Lithobates,Lithobates catesbeianus
Animalia,Chordata,Mammalia,Pilosa,Megalonychidae,Choloepus,Choloepus hoffmanni
Animalia,Chordata,Mammalia,Pilosa,Megalonychidae,Choloepus,Choloepus hoffmanni
Plantae,Tracheophyta,Liliopsida,Arecales,Arecaceae,Attalea,Attalea butyracea
Plantae,Tracheophyta,Liliopsida,Arecales,Arecaceae,Ceroxylon,
Plantae,Tracheophyta,Magnoliopsida,Gentianales,Apocynaceae,Aspidosperma,Aspidosperma polyneuron
Plantae,Tracheophyta,Magnoliopsida,Sapindales,Anacardiaceae,Anacardium,Anacardium excelsum
Plantae,Tracheophyta,Magnoliopsida,Sapindales,Anacardiaceae,Anacardium,Anacardium excelsum
Plantae,Tracheophyta,Magnoliopsida,Sapindales,Anacardiaceae,Anacardium,Anacardium excelsum
Plantae,Tracheophyta,Magnoliopsida,Sapindales,Anacardiaceae,Anacardium,Anacardium excelsum
Plantae,Tracheophyta,Magnoliopsida,Sapindales,Anacardiaceae,Anacardium,Anacardium excelsum
Plantae,Tracheophyta,Magnoliopsida,Sapindales,Anacardiaceae,Anacardium,Anacardium excelsum
Plantae,Tracheophyta,Magnoliopsida,Fagales,Fagaceae,Quercus,Quercus humboldtii
Plantae,Tracheophyta,Magnoliopsida,Fagales,Fagaceae,Quercus,Quercus humboldtii
Plantae,Tracheophyta,Magnoliopsida,Fagales,Fagaceae,Quercus,Quercus humboldtii
Plantae,Tracheophyta,Magnoliopsida,Fagales,Fagaceae,Quercus,Quercus humboldtii
Plantae,Tracheophyta,Magnoliopsida,Fagales,Fagaceae,Quercus,Quercus humboldtii
Plantae,Tracheophyta,Magnoliopsida,Fagales,Fagaceae,Quercus,Quercus humboldtii
Animalia,Mollusca,Gastropoda,Stylommatophora,Achatinidae,Achatina,Achatina fulica
Animalia,Mollusca,Gastropoda,Stylommatophora,Achatinidae,Achatina,Achatina fulica
Animalia,Mollusca,Gastropoda,Stylommatophora,Achatinidae,Achatina,Achatina fulica
Animalia,Mollusca,Gastropoda,Stylommatophora,Achatinidae,Achatina,Achatina fulica
Animalia,Mollusca,Gastropoda,Stylommatophora,Achatinidae,Achatina,Achatina fulica
Animalia,Mollusca,Gastropoda,Stylommatophora,Achatinidae,Achatina,Achatina fulica
Animalia,Chordata,Aves,Anseriformes,Anatidae,Anas,Anas flavirostris
Animalia,Chordata,Aves,Passeriformes,Fringillidae,Spinus,Spinus psaltria
Animalia,Chordata,Aves,Passeriformes,Thraupidae,Diglossa,Diglossa lafresnayii
Animalia,Chordata,Aves,Passeriformes,Thraupidae,Conirostrum,Conirostrum sitticolor
Animalia,Chordata,Aves,Passeriformes,Corvidae,Cyanocorax,Cyanocorax affinis
Animalia,Chordata,Aves,Gruiformes,Rallidae,Gallinula,Gallinula melanops
Animalia,Chordata,Aves,Passeriformes,Thraupidae,Catamenia,Catamenia homochroa
Animalia,Chordata,Amphibia,Anura,Hylidae,Dendropsophus,Dendropsophus microcephalus
Animalia,Chordata,Amphibia,Anura,Dendrobatidae,Dendrobates,Dendrobates truncatus
Animalia,Chordata,Aves,Falconiformes,Falconidae,Milvago,Milvago chimachima
Animalia,Chordata,Aves,Psittaciformes,Psittacidae,Forpus,Forpus conspicillatus
Animalia,Chordata,Aves,Passeriformes,Icteridae,Chrysomus,Chrysomus icterocephalus
Animalia,Chordata,Aves,Passeriformes,Thraupidae,Conirostrum,Conirostrum rufum
Animalia,Chordata,Aves,Apodiformes,Trochilidae,Coeligena,Coeligena helianthea
Animalia,Chordata,Aves,Pelecaniformes,Threskiornithidae,Phimosus,Phimosus infuscatus
Animalia,Chordata,Aves,Passeriformes,Hirundinidae,Orochelidon,Orochelidon murina
Animalia,Chordata,Aves,Accipitriformes,Accipitridae,Rupornis,Rupornis magnirostris
Animalia,Chordata,Aves,Cuculiformes,Cuculidae,Crotophaga,Crotophaga ani
Animalia,Chordata,Aves,Passeriformes,Troglodytidae,Cistothorus,Cistothorus apolinari
Animalia,Chordata,Aves,Apodiformes,Trochilidae,Florisuga,Florisuga mellivora
Animalia,Chordata,Aves,Piciformes,Picidae,Veniliornis,Veniliornis kirkii
Animalia,Chordata,Aves,Piciformes,Bucconidae,Nystalus,Nystalus radiatus
Animalia,Chordata,Aves,Passeriformes,Tyrannidae,Pyrocephalus,Pyrocephalus rubinus
Animalia,Chordata,Aves,Charadriiformes,Charadriidae,Vanellus,Vanellus chilensis
Animalia,Chordata,Mammalia,Didelphimorphia,Didelphidae,Didelphis,Didelphis marsupialis
Animalia,Chordata,Aves,Apodiformes,Trochilidae,Metallura,Metallura tyrianthina
Animalia,Chordata,Aves,Piciformes,Galbulidae,Galbula,Galbula ruficauda
Animalia,Chordata,Aves,Passeriformes,Cotingidae,Ampelion,Ampelion rubrocristatus
